CUI,freq
C0018801,78
C0456387,42
C1261077,9
C1518526,42
C1705943,42
C0018802,123
C4554158,68
C0449238,222
C0020538,90
C1963138,70
C2926735,222
C1320657,43
C2930696,9
C0024671,495
C0026410,495
C0439269,957
C1960952,495
C2346927,495
C4321396,495
C4521761,495
C0023822,60
C0444504,1472
C2699239,1155
C2347634,1474
C2348143,1472
C0205374,11
C0457454,19
C0013175,28
C1444662,18
C4552847,16
C1548539,3
C3245481,3
C0011065,135
C3810814,193
C0036056,49
C3272372,49
C1306577,134
C4082313,125
C4552775,125
C0019080,75
C0034510,136
C1706779,136
C3853635,136
C2699257,10
C0168634,1025
C1442488,1024
C3891295,11
C4551874,10
C4081854,8
C0332152,366
C1532338,19
C2826257,301
C0034656,263
C4049621,123
C0740175,43
C2257086,43
C3669034,43
C0369773,107
C1079230,82
C1515021,72
C2603361,107
C1831808,10
C0032042,334
C1696465,334
C1706408,337
C0013227,263
C3244316,86
C4284232,189
C0042153,312
C0457083,318
C1947944,312
C0205436,35
C0457385,17
C0565930,52
C1561503,15
C1705190,15
C0038525,1
C0439175,317
C0677898,1
C0439810,317
C0205178,15
C3897493,16
C0032143,4
C0080103,6
C0392756,47
C0547047,20
C0205345,6
C1547039,6
C0039725,26
C1264641,15
C0039738,26
C1420718,26
C4282123,26
C4285344,26
C0237753,126
C0086287,92
C0449788,126
C0013990,5
C0034067,5
C0003761,2
C1504311,2
C0449820,356
C4050231,343
C0030705,455
C2360800,28
C0521115,100
C0025677,93
C1417487,71
C0015176,34
C1999091,3
C0005516,24
C2735302,3
C1271630,9
C0449438,48
C0018787,76
C0449442,4
C1522601,29
C1514756,51
C0021641,93
C0039798,264
C0087111,301
C1363945,74
C1533581,91
C1579433,91
C3714501,91
C0852030,1
C0226514,1
C0034065,12
C0149871,39
C0000726,1
C0267561,2
C0010592,2
C0010594,2
C0017446,80
C0454693,1
C0150457,2
C0221198,51
C1444754,12
C4330985,134
C4554674,134
C1706316,12
C1546698,40
C1518422,288
C0429089,5
C1305738,5
C0549178,28
C1120149,28
C0681850,39
C1550501,39
C1706203,39
C2349001,39
C2697811,39
C0552346,2
C1532718,261
C0549183,507
C0876920,496
C2347635,496
C2348144,496
C2939193,496
C0428772,47
C0344434,62
C0019664,227
C0019665,227
C0262512,227
C0262926,263
C1705255,227
C2004062,231
C4049859,25
C0488728,46
C0037179,6
C0042373,18
C0087136,6
C0205171,149
C0182158,15
C0332568,15
C3540603,15
C3669270,15
C3814046,15
C4319657,15
C0023216,8
C0578022,325
C1333400,2
C0750480,18
C1705566,18
C0015672,6
C3463815,6
C4050243,6
C4554645,6
C0520886,19
C0004482,16
C0455272,8
C0700634,5
C3829066,67
C3538987,90
C0439526,139
C1705224,139
C3887665,139
C4048877,90
C4318503,90
C0038454,208
C4554100,203
C0004147,17
C0205156,324
C0003195,15
C1522326,252
C1533734,192
C1705169,190
C3538994,190
C3887704,190
C3537142,4
C1552607,309
C3687832,26
C1273517,17
C0011847,170
C0011849,213
C3179547,18
C0358591,23
C0871125,17
C3811894,17
C0004057,134
C0439272,18
C0241889,16
C1504769,20
C2239547,20
C3813548,20
C4284121,20
C0011900,97
C0439234,621
C0001779,270
C0337667,7
C1521798,17
C4554533,17
C0898753,1
C1335803,1
C1704827,1
C0022885,30
C0039593,30
C0392366,33
C0456984,29
C1515976,27
C3831328,27
C4318744,27
C0018488,74
C0019993,85
C1313497,74
C1538440,74
C3273279,74
C0969324,4
C0418981,13
C1720467,104
C0007457,95
C0015031,75
C0243103,37
C0043157,94
C1846718,32
C0439445,340
C0205250,111
C0439268,86
C3163633,38
C0036572,16
C0332307,79
C1959629,9
C4553401,9
C0684224,29
C0700287,31
C4319718,28
C0201950,54
C1532563,209
C0543421,50
C0205435,61
C0349381,15
C0949745,15
C1445339,15
C1279901,76
C0872146,43
C0002688,10
C0332840,8
C1546539,8
C0023779,76
C0441994,61
C2003888,61
C0042295,62
C1515187,24
C0043031,52
C0054015,37
C0439297,68
C1095989,35
C1417808,34
C2982014,34
C0019016,155
C3887642,4
C1825777,154
C3538758,154
C0023122,5
C0596019,154
C0521116,99
C0004238,36
C1963067,36
C1705970,87
C0016385,11
C1623258,30
C2242390,11
C0205281,7
C1334278,7
C0750572,66
C0232809,1
C4528685,30
C0002598,14
C0002460,15
C0001905,1
C1709595,25
C0074554,30
C2826344,2
C2349200,27
C4522255,25
C0162589,4
C2825184,3
C2713485,2
C0741923,6
C3889729,1
C0439275,71
C0041536,5
C1300565,2
C0013404,16
C3826977,9
C0441800,26
C0919553,26
C3244287,26
C1963100,15
C0041004,95
C0439190,76
C0475211,75
C1880008,13
C0007220,8
C1371299,5
C3537072,5
C0369637,290
C0441923,289
C0003015,71
C0597357,15
C2757044,14
C1883727,13
C0439044,39
C0679994,39
C0205195,52
C1947911,11
C3811910,11
C0972314,13
C0178602,107
C0869039,89
C1114758,89
C0475224,35
C0007820,15
C2825200,5
C1510829,167
C0051767,36
C3811131,38
C0057671,36
C0205344,9
C1550025,10
C0589120,32
C0024485,10
C1824234,5
C3890166,5
C1522577,32
C1704685,32
C3274571,32
C1704782,10
C1708715,17
C0070166,50
C0016327,66
C1512806,9
C0216784,10
C0020261,32
C0442027,55
C0450442,34
C1254351,82
C1521826,40
C4521986,54
C0006684,37
C2757014,7
C2982078,6
C0428886,38
C1514721,140
C0439475,346
C2348147,140
C3542016,140
C1547052,72
C0239126,19
C3811844,224
C3839656,24
C2945599,37
C0221099,35
C0684336,26
C0025320,6
C0567312,6
C0205082,168
C0007222,79
C0205164,69
C4318856,69
C4521762,69
C1524063,110
C4541021,44
C0333275,4
C0007787,59
C0917805,56
C1054154,41
C0537270,2
C0907402,31
C0220908,73
C2599602,57
C3714541,280
C0220909,73
C1698960,73
C1710031,73
C1710032,73
C1710477,73
C2348164,73
C0038257,60
C0332287,39
C0877341,26
C0439228,133
C4033631,2
C0681842,118
C1882327,122
C0000970,2
C0085826,25
C3815594,38
C0040363,97
C0041260,97
C1883351,97
C0053396,3
C0696105,3
C0333307,14
C1880549,12
C1959609,14
C3887524,12
C0085096,22
C1704436,28
C2986535,28
C0441471,283
C3541888,134
C0013103,1
C0180499,1
C4265177,1
C0423772,1
C0337445,42
C3715113,95
C0009488,16
C1710306,4
C1514624,52
C4521230,4
C0525678,5
C0439422,52
C0524620,31
C0002778,29
C0936012,33
C1524024,29
C1536078,3
C1551393,19
C1705492,20
C3272743,19
C0008377,39
C0225808,1
C0679786,1
C0005823,47
C1271104,42
C1272641,45
C0439793,57
C0024117,87
C0018026,57
C1304897,57
C1412502,78
C3714496,78
C0522510,74
C0155668,13
C2936173,17
C0010055,102
C1880018,7
C2985465,60
C0428883,55
C0802604,103
C2598133,103
C1305849,32
C0456683,4
C4019010,149
C0455829,18
C3251812,3
C3639721,19
C0205309,18
C0239161,22
C0012634,108
C0242708,26
C0369718,209
C0441922,209
C1415124,4
C0017454,18
C0152277,7
C0018370,13
C0019134,36
C2825026,10
C1521840,13
C0178784,1
C2986546,130
C0439673,20
C3541433,20
C4050014,20
C0001645,38
C0392334,1
C0392335,3
C4695788,1
C0015663,94
C0015688,6
C0347982,10
C0184666,38
C0809949,31
C0021853,5
C0205146,18
C1314939,26
C0007226,68
C3887460,68
C0037369,48
C4086728,8
C0453996,47
C1881674,53
C1553480,3
C1719844,14
C0015684,14
C0360714,151
C0009458,8
C0439536,8
C1705217,8
C3244283,8
C4085196,8
C4522282,8
C4522283,8
C0596836,2
C1697238,10
C3484372,3
C0589507,7
C1158830,7
C1704686,8
C1328319,11
C3888326,11
C0071097,10
C0677453,9
C1706077,32
C1704760,8
C3890423,8
C0017654,58
C1424601,52
C0449381,20
C3888198,75
C0005845,2
C0600137,4
C0429271,3
C0022718,153
C0439209,164
C4054209,153
C2598165,3
C3173209,51
C3241966,51
C0205447,21
C0205437,15
C0034627,2
C1306504,2
C0033963,1
C0035647,74
C4552904,74
C0542298,1
C0035648,78
C1553898,63
C1458132,1
C0006444,1
C4019422,12
C1313937,8
C0009080,1
C0149651,1
C0027051,52
C0428953,48
C2926063,48
C4552959,48
C1137094,13
C0451306,13
C0042815,36
C0337671,27
C4555205,14
C0456603,70
C1547037,70
C0054841,20
C1861828,20
C1872109,23
C0443258,19
C0015392,5
C0700042,5
C0449279,5
C4553144,5
C0008107,237
C1705241,337
C1705242,136
C3259781,237
C0428210,21
C1550543,23
C4317104,21
C0439609,21
C3272275,20
C0443225,8
C0036849,5
C1442518,5
C1705195,5
C0205404,12
C3887670,23
C1519384,14
C3887636,2
C0030123,22
C3203102,22
C4284467,22
C1442989,29
C2828392,29
C0016522,1
C0344724,1
C0022877,23
C3244292,23
C4283904,23
C0065879,4
C0031831,18
C0022423,3
C0804815,14
C3536851,9
C4521885,9
C0149721,25
C3484363,7
C0003364,74
C1874267,9
C3537168,9
C0018301,6
C4543206,5
C1422069,6
C1425391,6
C1539338,6
C2350813,6
C0022646,23
C1521970,49
C0359086,17
C1524062,10
C0868908,3
C0007465,9
C1317301,6
C0016017,3
C0205225,68
C0439612,55
C0439631,55
C1305868,3
C0015733,5
C0376249,6
C0439603,6
C0871396,6
C1561548,6
C1705502,6
C3898838,6
C4321352,6
C0183622,2
C1418975,1
C1420002,1
C1425004,1
C0205198,6
C1706082,6
C3853627,26
C0545082,37
C0023824,68
C0202117,52
C1512346,39
C2826704,34
C0079284,1
C0205307,61
C1739039,201
C3812682,201
C0231683,61
C0439166,61
C2347086,61
C4553972,61
C0030428,10
C3538810,8
C0016006,3
C1167394,3
C2587184,3
C3540039,3
C0102923,8
C0451208,9
C3533236,36
C3890735,93
C0086045,23
C1446561,20
C3827302,20
C4048285,115
C0012582,3
C0439178,54
C1446409,55
C1514241,54
C2825490,54
C3812269,55
C1704675,119
C0232462,1
C0037707,2
C2986759,20
C0332170,6
C0035448,30
C0201660,30
C0748398,22
C1547111,22
C1707391,16
C0205100,17
C0581603,50
C0239307,9
C1535514,9
C0220938,63
C1517205,5
C3540542,5
C3854258,1
C0702093,129
C1524029,114
C3813700,114
C3854259,1
C0443318,15
C2732140,9
C1261082,6
C0184906,9
C3146289,9
C1551056,4
C0442038,4
C0444454,7
C1554204,7
C0920847,4
C0683519,42
C0489868,6
C0730226,31
C0850708,31
C0944983,31
C0008976,41
C0205160,13
C1513916,13
C2825415,14
C2825491,13
C3853545,13
C3274777,1
C0006558,9
C0001807,2
C0580822,2
C0002006,5
C0001554,13
C0376636,11
C1273870,12
C3273539,11
C0280604,66
C3542407,66
C0036773,7
C0439267,73
C0728877,7
C0442120,2
C0018681,1
C4553197,1
C0205091,18
C0003842,19
C0226004,8
C1542147,15
C0443246,17
C1552822,16
C0443211,26
C1272684,26
C0079399,72
C0086582,107
C0043210,122
C1705497,56
C1705498,56
C1706180,60
C1706428,55
C1706429,55
C1522384,72
C0008466,4
C0002965,29
C0682125,10
C4086878,26
C0439659,16
C0035124,3
C0872913,3
C0684253,3
C0227952,2
C0021107,3
C0441587,2
C1512796,2
C1883719,2
C0221464,11
C0060657,8
C1879937,23
C0012315,3
C0220821,3
C2718773,16
C0023556,11
C0038317,15
C1561643,57
C1882083,26
C0585361,11
C1527129,7
C4318437,5
C0741132,5
C0304289,8
C0935929,20
C1948050,4
C0332173,91
C0439505,38
C1243102,2
C1525410,20
C1706063,15
C4441842,4
C0231999,9
C0443288,10
C0449295,10
C2603360,36
C1511069,2
C2964552,55
C0206132,13
C0332162,6
C0021308,39
C1999375,17
C3887676,24
C0607430,1
C1527178,20
C0242931,1
C0370003,10
C1515051,5
C2347026,10
C1705938,18
C0005893,136
C0871472,5
C0039155,43
C1305855,150
C0012000,29
C0005767,16
C0005768,16
C0229664,17
C4684582,1
C0439828,45
C0348016,13
C0012963,1
C0033144,4
C0248719,5
C0549177,6
C2003901,18
C0522498,4
C2364172,1
C0439165,53
C0270549,5
C1414925,5
C0443081,1
C4053960,7
C0205373,23
C0005910,133
C1711350,22
C0043100,102
C1305866,129
C1705104,101
C1722260,16
C0041573,3
C0439211,5
C0010346,14
C0439849,48
C0445223,41
C0038894,26
C0038895,26
C0543467,29
C1274039,26
C0852949,5
C0332174,235
C0439230,253
C4050465,98
C4050466,98
C1707479,13
C0243161,22
C0225860,5
C1301886,11
C0225861,4
C0024119,3
C2598152,2
C0003211,25
C0035439,1
C0085532,7
C1548829,7
C0184661,44
C0886296,25
C1273869,25
C0040223,163
C3541383,160
C0336867,9
C0021398,8
C1568891,11
C1318493,8
C0441144,9
C0683368,36
C1457887,57
C0016704,9
C0036140,6
C0037494,6
C0206136,6
C1419068,9
C1419906,9
C3541238,9
C3541412,9
C0348080,14
C1705253,14
C3864998,14
C0040207,7
C1620287,3
C0035970,20
C0017452,4
C1302234,45
C1705232,45
C0242606,1
C1448177,59
C0003593,38
C0003592,17
C0523508,17
C4553344,14
C4553379,26
C3252643,30
C0439092,19
C0086409,33
C0001925,21
C0815320,106
C4551720,106
C0252643,4
C0028125,18
C0699857,14
C3848573,14
C0332237,6
C3842976,2
C0232237,2
C0232278,2
C3810537,30
C3813209,30
C0019139,12
C3536766,12
C1272706,13
C1552654,13
C1552713,13
C0155709,4
C0206578,12
C0205265,15
C1555582,15
C1705685,15
C0679214,4
C0582802,5
C3241971,4
C1698987,4
C0428472,1
C0058890,4
C0286651,24
C0278947,3
C0332257,39
C0026544,40
C0332177,67
C0332293,13
C4317006,2
C0003872,7
C0030193,14
C0518090,14
C1962977,14
C2984058,14
C4085210,14
C4085211,15
C4085212,14
C4553004,14
C4554132,14
C1176468,3
C1619634,3
C4696290,7
C0042285,4
C0523975,4
C0226001,2
C0001168,3
C0241970,2
C0011382,3
C0028778,5
C0441597,3
C1110554,3
C1947917,3
C0700321,20
C0264995,2
C0018810,45
C0444505,3
C0025664,6
C2700391,18
C3274430,15
C3538935,5
C3539779,15
C0079613,30
C1704930,30
C1869853,30
C3890007,30
C4048375,30
C0231448,6
C0206460,10
C0231449,3
C0439792,10
C1280519,17
C1707887,16
C3537184,9
C0455825,3
C0600653,117
C0456715,4
C0918012,117
C1552854,117
C1637833,117
C0587184,10
C1287371,2
C0032659,50
C1257890,148
C0034042,1
C0086839,1
C1879329,1
C0441838,4
C0210243,6
C1507394,5
C2348563,5
C2599718,5
C0674679,6
C1145759,6
C1334862,6
C0023465,21
C0023467,21
C0486293,11
C1318293,10
C0247025,4
C0742343,38
C4318612,38
C1277691,22
C0201976,45
C0600061,49
C0722138,2
C0392747,257
C0678234,16
C1261287,17
C2632116,16
C1516048,18
C0035173,15
C0030547,4
C4522267,4
C0018387,3
C0439242,1
C0444706,10
C3541902,10
C4534363,5
C0205554,2
C0025080,6
C0699733,6
C0287275,1
C0027361,40
C0237401,16
C0650607,8
C0243071,6
C0205112,9
C2825028,2
C0445074,2
C0232117,9
C2347155,2
C0391850,6
C1947910,6
C0949236,6
C4086268,72
C0678226,25
C0073633,10
C0205088,22
C3272266,8
C0687676,47
C1704687,47
C3469826,47
C1546485,13
C3853528,13
C1516879,52
C1696073,52
C3888021,52
C0033860,34
C0587081,4
C0439282,20
C0424594,2
C3161035,16
C3274659,15
C3714583,15
C3853906,15
C0015252,3
C0728940,2
C0884358,9
C1456408,17
C0023668,70
C1704970,20
C1060325,6
C1334085,10
C1708411,10
C3811629,6
C0443172,219
C4319952,213
C0030800,3
C2347712,3
C0027651,3
C1882062,2
C0042449,7
C0181074,8
C0332835,8
C1961139,8
C0348013,5
C0439254,2
C0332132,5
C4284025,2
C0020616,19
C3538806,23
C4048756,20
C0439745,1
C0205147,49
C4319846,1
C2917241,2
C0003018,11
C4521302,11
C3653375,2
C0001927,24
C0041912,3
C1828181,8
C3173302,8
C1120110,9
C4331910,9
C0857690,2
C0028971,15
C0347978,1
C3714918,1
C0001783,2
C0005515,16
C0005522,2
C4553887,2
C0051696,26
C0205081,93
C1881878,93
C4049705,90
C4049706,90
C4085643,94
C4321335,90
C0547044,5
C0030196,1
C4553007,1
C0701159,20
C0004096,38
C2984299,38
C0205161,4
C0002978,30
C1548816,3
C3891555,3
C4255126,3
C2347472,4
C2699333,4
C0205449,10
C0205172,36
C1511726,49
C3245479,49
C3714741,49
C1275491,22
C1710602,42
C0439070,43
C1705160,43
C4082587,42
C0043129,18
C0059386,2
C1309881,2
C1423585,2
C3815268,2
C2825027,1
C4553708,1
C1512018,1
C0040616,2
C0022116,28
C4321499,28
C0274281,18
C0332157,32
C0209368,5
C1282512,9
C0439185,22
C4049980,2
C0488055,54
C0871470,78
C1306620,54
C0205210,46
C1532737,9
C1881332,13
C0039411,22
C0040642,22
C0041405,23
C0041698,22
C1824670,22
C3272447,22
C4522122,22
C0007673,6
C3540513,6
C3813556,6
C3888140,6
C0881827,1
C0034606,1
C0441633,1
C2826292,1
C0596217,1
C1417249,5
C2347167,5
C3254418,5
C4050513,5
C0347985,6
C0232970,18
C0205258,6
C0242231,3
C0741968,9
C0007282,4
C0226415,1
C0020443,21
C1522133,20
C0024115,3
C1142985,25
C0444686,23
C1441506,23
C1516986,2
C1412134,37
C1515941,37
C0871208,116
C1521828,115
C0033727,98
C1418888,8
C0369286,97
C0441932,97
C0564385,108
C4528284,97
C1167956,3
C1882086,7
C0022326,41
C4265176,41
C1455761,16
C2945760,16
C0229671,33
C0065827,3
C1706141,3
C3887659,3
C1546774,33
C1550100,33
C0020615,15
C4553659,15
C0012798,35
C0021764,15
C1527200,3
C1156212,5
C1537574,5
C0242896,11
C1282927,10
C1806781,10
C2350002,10
C0028405,15
C0470187,17
C0178913,2
C0025266,63
C1709380,153
C3494593,1
C0518010,12
C0683448,22
C1413248,25
C3273706,25
C0741614,4
C0441998,2
C0205386,7
C1547177,4
C0019932,7
C4521914,5
C0015815,14
C0243148,36
C1550141,36
C1882979,36
C2587213,39
C3274648,36
C4553389,41
C0078988,26
C0242485,20
C0009117,1
C0085387,3
C1555721,3
C1706204,3
C2599594,79
C0027996,9
C1142562,9
C0017710,35
C3540777,13
C3540778,13
C0021081,36
C0003209,4
C0021966,166
C0221138,166
C0850293,1
C0298130,1
C0031507,1
C0202454,1
C1172734,2
C0439148,32
C0036043,12
C1456447,8
C0877248,17
C1705413,7
C3853572,8
C3887809,8
C3890893,8
C1705187,12
C0741920,1
C3536840,16
C3538936,1
C0449450,39
C0332185,9
C0043251,1
C1510467,1
C3263723,1
C3714660,1
C4049136,1
C0699129,1
C1706365,7
C0030771,7
C1518922,8
C1542834,7
C0205355,8
C1609165,10
C1269765,4
C1552861,2
C0027552,5
C0686904,5
C0085862,1
C1290940,1
C1299583,1
C1319312,14
C0441889,88
C1565489,25
C0456079,73
C1547707,73
C2946261,73
C0745413,3
C2000145,4
C1441604,11
C2347090,18
C0020223,1
C0354604,8
C4288581,2
C0000768,4
C0000769,2
C0009924,8
C0022658,17
C1979874,8
C0031809,15
C0449432,16
C1705248,13
C0205485,8
C1509143,8
C0001792,20
C1999167,20
C0028873,14
C0016169,4
C0450429,18
C1515974,30
C4284930,18
C4284931,18
C0282402,18
C0213771,45
C0030827,41
C0072225,44
C1266240,41
C0574032,16
C1827465,14
C0521362,5
C0024109,16
C2707265,14
C2709248,14
C4522268,14
C0219433,13
C0017887,12
C0599973,2
C0028074,10
C1424662,12
C3812270,12
C0439064,12
C0012155,21
C0085542,22
C0012159,21
C1519433,21
C2983588,21
C3668949,21
C2974521,15
C4684714,4
C0456962,7
C2985769,7
C0017245,2
C1420648,16
C3714751,15
C1708485,14
C0455271,16
C1300563,50
C1318330,16
C4054490,1
C0669479,30
C0754710,28
C0441848,66
C1550147,12
C2709094,12
C3539075,12
C3539076,12
C2317524,2
C3258293,3
C0001617,63
C3536709,39
C0205470,13
C0003374,5
C1540071,1
C0439278,4
C0027430,8
C0679250,3
C0242656,7
C0205199,32
C1547335,32
C0449258,7
C3542417,3
C1274040,62
C1335499,2
C1947900,2
C4552808,2
C0011991,2
C1963091,2
C3641756,2
C4084784,2
C4084802,2
C4085317,2
C0041980,7
C0039771,2
C0019409,17
C0242960,17
C0019576,2
C0205409,5
C1548221,5
C0444598,7
C3539687,18
C1552826,7
C3540512,6
C3889436,6
C0700307,4
C1514463,25
C0231491,30
C0279936,4
C0581374,3
C0038766,21
C4704833,2
C3536898,14
C0231221,2
C1547326,1
C0231174,28
C0680095,28
C0849164,3
C0033095,14
C0460139,14
C1306345,14
C4284008,14
C0451071,1
C0242492,17
C0301630,20
C1293152,20
C4551656,20
C0520511,14
C1704711,14
C4483112,4
C0439183,3
C0006448,5
C0451022,4
C3714938,4
C3889415,4
C0812399,32
C0683862,2
C0728938,8
C0454788,20
C0002424,12
C0442592,12
C1077578,20
C1550516,8
C0812270,15
C0011816,77
C3250443,77
C1705694,15
C2939420,16
C0454664,7
C4521536,22
C0021027,11
C0305052,10
C0360506,10
C1121991,9
C0126174,23
C3537307,4
C3540711,4
C0679403,3
C3272847,2
C1275835,7
C1320283,3
C0435630,1
C4553927,1
C0005847,60
C1558950,24
C1801960,24
C0456081,76
C0948922,1
C0428475,6
C1704338,77
C1704656,78
C0008902,12
C0008903,11
C0678229,11
C0085805,102
C0439231,101
C0006277,1
C0225897,4
C0031638,6
C0010054,50
C0151744,16
C0031962,60
C1272092,9
C0202045,4
C0006826,31
C0998265,29
C1306459,31
C0683325,11
C0024091,5
C3887615,5
C0449261,54
C0439284,29
C0150404,2
C0518766,2
C0017725,50
C1882084,4
C0524425,2
C1700035,2
C1708728,11
C2986775,12
C1510411,3
C0041667,3
C1521991,2
C0205251,61
C0026385,3
C1550472,61
C3890211,61
C4048187,61
C4321351,61
C4522223,61
C0337438,1
C0595310,1
C0180309,16
C0439508,118
C0005802,17
C0002996,5
C0002997,6
C0455539,6
C0007637,7
C1512693,12
C0002962,31
C0455527,18
C3274787,3
C3539002,3
C2608320,10
C1549445,91
C1705108,91
C1710701,91
C2698872,2
C0332296,12
C1880497,13
C1996904,12
C3489408,5
C0428776,7
C4032878,13
C0205166,20
C1706317,20
C0521346,3
C1546767,3
C0240320,22
C1262886,2
C1336645,3
C1412836,2
C1710303,2
C4054228,5
C0231441,3
C0682369,4
C1707877,11
C0205099,23
C0015177,9
C1879652,15
C0035820,4
C1705810,4
C3871154,4
C0683312,69
C3889287,56
C4551412,2
C0151280,4
C0003280,16
C0848112,14
C3536711,12
C0079411,2
C3146294,2
C0023189,11
C0036919,116
C0445204,6
C0439385,9
C1320716,17
C2984908,6
C3854213,7
C0424589,2
C0542479,1
C1442080,1
C4330907,1
C0004239,3
C0344423,3
C1963068,3
C0205177,35
C3853793,27
C3888249,27
C1424025,6
C2606415,6
C1522538,15
C0455610,13
C0032821,16
C0202194,16
C0304475,17
C0597277,28
C3714637,16
C0717550,7
C0599880,2
C0679199,21
C1522609,31
C0030551,7
C3826998,28
C4321476,29
C1704706,24
C1290884,1
C0175566,4
C0017628,6
C0580545,12
C0849974,22
C1561566,22
C4528367,22
C1619966,12
C1299351,65
C2700149,65
C3887512,65
C3889660,65
C4321237,66
C4522209,65
C3854129,21
C0009247,20
C0599755,19
C0015259,20
C0456698,1
C1524031,11
C1552614,11
C2826545,11
C1522704,12
C0199168,22
C0205476,22
C1519386,22
C0421330,2
C1739768,16
C0205390,49
C1300072,40
C1306673,41
C0023508,3
C0347983,4
C0023516,3
C0427512,3
C3272281,13
C3538919,13
C0205388,2
C0441835,4
C4522145,4
C1266129,7
C4553172,7
C1415181,6
C1519815,23
C1632851,3
C3891303,6
C1707491,6
C0231220,24
C1320528,6
C3245505,7
C1960636,4
C1319635,43
C3665365,14
C3539185,24
C3540725,24
C3540726,24
C3540727,24
C0443218,3
C2827483,3
C3714578,4
C2983605,13
C0003591,8
C0020461,9
C0439375,17
C4552983,9
C0237607,11
C0596545,10
C1292781,1
C0010290,6
C0439339,11
C0523584,4
C0027627,21
C0175668,20
C0063041,2
C1704311,3
C0086542,1
C0034787,15
C1622222,15
C1452534,34
C4284014,29
C0455708,3
C0235974,1
C0346647,1
C2984259,1
C3272375,9
C0337920,8
C0226003,1
C0003850,12
C0004153,23
C0043128,5
C0022271,18
C0239312,1
C0004340,13
C0037712,35
C0200638,51
C0034642,7
C0445022,12
C0021775,4
C0311395,3
C1456822,3
C0281991,7
C0418986,4
C0585943,12
C1519269,2
C4528314,6
C0332181,5
C2936643,2
C0031705,1
C0080014,1
C3714498,1
C0428460,4
C4505437,1
C0205174,2
C2121434,1
C0185003,8
C1521802,8
C1881378,6
C2826775,6
C0041199,16
C4049864,14
C0017890,13
C2827928,4
C0523677,13
C0025124,1
C0035204,3
C0035242,3
C1515884,1
C0740304,12
C0015179,7
C0596197,4
C0016157,2
C2348354,3
C0005902,2
C0167117,7
C0850624,15
C0449244,12
C1549488,31
C1561533,31
C0439294,23
C0456615,23
C3869582,3
C0439544,11
C1704787,11
C3258257,9
C0557651,76
C2603343,76
C2348561,6
C0014467,43
C0018821,6
C0524727,4
C0015127,71
C1314792,29
C1524003,69
C1444637,26
C0279025,9
C4284302,26
C1947933,23
C0010294,39
C1561535,39
C1864389,10
C1882368,10
C0441833,101
C0687744,95
C1519504,95
C1552839,21
C1705428,95
C1705429,95
C0150312,42
C0332468,1
C0349384,1
C0392148,13
C3854307,13
C3641272,11
C4050419,10
C0060179,13
C1533076,2
C0013621,27
C0013622,26
C0013658,27
C0039401,26
C0009566,4
C0205145,18
C2825164,12
C1171258,4
C0948089,8
C0488053,22
C0031529,2
C1570610,12
C0034380,5
C0518214,10
C0014245,5
C1283828,34
C1551357,6
C0538927,2
C1883420,2
C0206579,5
C1232424,5
C3641256,2
C0549193,11
C1704769,11
C2350001,11
C0232187,1
C0026193,10
C0205165,10
C0815172,6
C4072694,4
C0005773,9
C3897966,23
C0597484,18
C1272460,21
C1546968,15
C1879645,15
C4049872,15
C4552882,15
C4049765,23
C0007584,23
C0007634,23
C0065058,21
C0125953,8
C1096202,9
C1439335,22
C1319441,1
C2926618,25
C3899446,25
C0016976,2
C1412268,25
C2699274,25
C0649350,2
C0042874,6
C3714803,6
C1997614,4
C0015576,5
C0455533,2
C1704727,2
C0332281,13
C0019693,1
C0037763,1
C2735101,2
C2735102,2
C0229992,7
C2349179,55
C0175659,34
C0222045,1
C0349674,34
C1947916,34
C0681344,1
C0040034,3
C0392386,3
C3642216,35
C3898312,10
C0264677,3
C0026698,2
C2984554,1
C3641833,1
C0032952,22
C0044955,12
C3146286,4
C0037366,6
C0439994,6
C0750523,16
C0745133,6
C1879646,3
C0522082,1
C0022417,11
C0010957,2
C1883709,2
C0392905,11
C1706309,4
C0002007,5
C0003980,27
C0023211,1
C0344420,1
C2828132,1
C0162643,3
C0235828,7
C0521983,3
C1547544,3
C1419129,5
C2698747,5
C0965129,30
C1709323,8
C0948008,35
C4554348,31
C0205999,26
C0999593,16
C1416775,16
C2347489,19
C0051844,1
C1367482,1
C0717758,6
C0439192,13
C0242510,3
C1705654,33
C0869040,3
C2347946,4
C4044947,8
C0202042,30
C0455280,30
C0016107,1
C0020003,3
C0023806,4
C0041403,15
C1313407,1
C3541335,1
C3711667,1
C3827754,1
C3890185,1
C4319633,1
C0392360,11
C3146298,5
C0368663,10
C0302891,10
C0442824,7
C2984081,7
C0200665,1
C1300812,5
C1708024,5
C0344388,1
C0439224,2
C0993596,6
C0015458,1
C1839839,6
C4049613,6
C0205430,11
C0008677,6
C3160715,9
C0856738,1
C0282379,8
C1235746,8
C1882141,8
C4554792,8
C0683314,1
C0041700,1
C0002045,2
C1553907,2
C1158406,1
C1414174,5
C1999216,34
C3538889,4
C0536221,59
C3813197,59
C4281799,60
C2757061,1
C3536830,1
C0042963,2
C1963281,2
C3898969,2
C4084766,2
C4084767,2
C4084768,2
C4084769,2
C0222762,1
C0016658,28
C0041703,21
C0006823,8
C0028754,24
C1963185,14
C0162425,28
C1279919,24
C1550453,21
C0439539,1
C0006660,2
C0006663,2
C0175895,2
C1533591,2
C1879982,2
C2242558,2
C4025272,16
C0004048,25
C3537004,4
C2827804,7
C0029161,1
C3665045,1
C0680240,22
C2348070,24
C0226032,4
C0011881,2
C1442864,1
C0023031,9
C0023749,9
C0230347,9
C2346906,9
C4553351,9
C1719767,3
C2348589,3
C4279947,2
C0429706,15
C0005680,54
C0289313,9
C3826872,3
C0151578,1
C0700225,5
C1623465,7
C1861303,7
C0227327,2
C4553195,2
C0344315,7
C0549249,2
C0030971,2
C0037438,2
C0748877,2
C1540833,2
C3669642,2
C0015385,6
C0750573,2
C2188405,2
C0681902,2
C3274438,2
C0366513,12
C0451530,17
C0332189,9
C1611934,13
C0202311,3
C2359834,1
C0489482,20
C2700378,20
C0441885,7
C1319793,7
C2698967,7
C0278372,1
C0008679,1
C0458083,1
C0037982,8
C1134681,2
C1656262,2
C3539996,2
C2266875,2
C1186706,12
C1511237,12
C1705509,12
C3812160,12
C1521801,4
C0040335,9
C0543414,9
C0841002,9
C3853727,11
C0666743,21
C0455531,12
C0742742,6
C3490348,12
C1707454,5
C4553390,5
C3536837,10
C0022065,25
C0022071,25
C1448132,25
C1709707,19
C0086715,6
C0520835,3
C1272691,5
C0041755,1
C0699759,1
C0065055,5
C0025598,46
C1678805,2
C3536884,21
C3827561,21
C0013778,4
C1690432,3
C1285573,2
C0544452,14
C0687702,13
C0034628,1
C0521143,3
C1507009,1
C3889737,36
C0333930,1
C1292734,13
C0010068,38
C1956346,36
C0003484,1
C0262950,5
C0005940,2
C1276802,3
C0013395,2
C4552968,2
C1519427,2
C1880389,10
C1883221,10
C3541951,10
C2987634,10
C0021122,14
C0027567,48
C0085756,59
C0439541,46
C0939232,6
C0271650,4
C1301732,4
C0545733,1
C0231940,1
C0282636,1
C0376627,1
C0029408,8
C0205421,11
C0443286,4
C1545665,9
C3272602,9
C0027473,1
C0005918,22
C0006413,22
C1552663,22
C2827109,22
C0729790,10
C0205311,6
C0028040,2
C0015982,3
C0205369,17
C1552740,10
C0439590,1
C2825507,2
C0144576,3
C0448964,1
C0567349,26
C2348885,26
C0003507,2
C1880089,3
C0523891,4
C0439152,1
C0242191,8
C4330837,7
C0032790,5
C0683149,4
C0019020,8
C3889898,8
C0016018,7
C0520997,4
C0378365,7
C0056331,3
C0241863,33
C1880476,24
C0035487,6
C1826843,7
C4321526,2
C3831581,1
C4255010,8
C1539487,1
C4050416,1
C2348346,1
C0439531,20
C1948053,21
C0205173,22
C1705764,10
C1705765,2
C1979963,6
C2003903,6
C0018943,2
C0205488,1
C4050369,20
C0034069,3
C1800706,3
C2346983,1
C0560038,2
C3541236,2
C0205682,5
C0040336,2
C1427925,2
C3273466,2
C0022663,1
C0268731,1
C0456170,6
C0288672,12
C0029456,5
C4554622,5
C0001314,1
C0444921,10
C3259042,8
C0257190,4
C0597240,1
C0031843,13
C0542341,34
C0700205,13
C1705273,13
C0700329,1
C0516981,6
C0348078,8
C0376315,8
C1522492,4
C4255237,4
C2964478,2
C4049916,6
C0332285,14
C1707101,14
C0184252,8
C1186983,8
C1704414,7
C3888056,7
C0439390,10
C3272265,1
C0520887,18
C1454484,6
C1705503,6
C4281602,6
C0457453,2
C4528394,1
C0205412,11
C0871261,41
C0231199,12
C1744706,12
C2355652,12
C1704632,40
C1706817,40
C2911692,40
C0439856,11
C0770546,25
C0035309,5
C1962966,5
C0062408,4
C0152031,5
C0439808,1
C0009782,4
C0035245,4
C0007131,2
C2984258,1
C3539721,1
C0281481,3
C0085649,1
C3435805,1
C4554334,1
C0451521,19
C0332196,17
C2828389,17
C0039503,1
C0009905,2
C0039070,2
C3541349,2
C4554644,2
C0502371,1
C0439855,4
C1704241,4
C2945704,2
C0012373,1
C0042523,4
C1511113,1
C0429090,3
C0027778,4
C0560008,3
C3892223,3
C0086440,26
C0444708,8
C0034754,2
C1705179,2
C4284139,2
C1442162,7
C1550718,7
C1947971,7
C3244317,7
C0016011,15
C0038846,2
C0439232,15
C1282918,15
C2347166,15
C0205090,20
C0444532,3
C0085672,7
C2984010,3
C1553035,7
C3811161,7
C4049106,7
C3258078,2
C0003009,3
C1366631,3
C3714928,3
C0011702,14
C2348535,8
C4551552,14
C1707455,28
C1301808,10
C2983136,4
C0040044,8
C0201519,4
C4034225,2
C0917591,2
C0007785,4
C1709056,3
C1522410,7
C2826182,2
C0150270,9
C3469597,12
C0013987,4
C0849912,4
C0060323,3
C0205217,15
C0442805,21
C2828360,2
C0205381,1
C3891560,1
C0332167,32
C3272283,31
C4050568,31
C4319571,31
C0282416,60
C1561607,60
C0205132,1
C0001288,6
C1420005,5
C1282952,20
C0014025,6
C0551571,1
C0552479,1
C0011946,1
C0040732,1
C0040733,1
C0019004,1
C4551529,1
C0011945,1
C0022671,2
C1059964,1
C0392760,6
C0449243,1
C3714444,8
C1704250,1
C0225988,1
C0037215,6
C0220914,6
C0003864,4
C4552845,4
C0205420,9
C0205231,9
C0009253,36
C0036864,35
C0804628,35
C1314687,35
C1517945,8
C0018935,2
C0518014,2
C1301725,6
C1609436,6
C0042469,10
C3714652,10
C4321495,10
C0031437,3
C1285572,3
C0457464,2
C2708283,2
C3654025,3
C0015811,7
C0023303,1
C0012621,12
C0030685,13
C2926602,12
C0521117,6
C1260596,7
C0021212,2
C1235732,2
C1522602,2
C2315493,2
C0205267,1
C0553692,8
C0021102,9
C2828363,8
C1552961,14
C2347617,14
C3714763,14
C0001552,2
C2826286,3
C0205246,15
C3812897,5
C3891294,5
C4521767,7
C0581283,2
C0552409,4
C0205460,11
C3665627,5
C0428568,7
C1261430,7
C0027235,3
C0750879,18
C0035410,5
C0026848,4
C4552660,5
C0231528,2
C0009212,3
C0439775,9
C0702240,9
C0010287,4
C1872855,3
C4552646,2
C0031676,1
C0202177,1
C0746467,3
C0151691,5
C0205191,14
C1550351,4
C0683610,1
C4553947,1
C0398623,6
C0392885,43
C1513126,5
C1960108,2
C3537174,2
C4521920,2
C0264716,2
C0020651,1
C1955477,1
C0600419,1
C0180153,8
C0439844,1
C4521226,4
C1320647,1
C4554713,1
C0002871,9
C1000483,9
C4554633,9
C0445550,13
C1548600,7
C1708745,13
C3203348,3
C0205340,5
C1704788,37
C3539106,32
C0724804,1
C1533107,6
C1882376,1
C0022709,15
C0442158,3
C0003461,1
C3166866,9
C0205042,6
C0556297,7
C0497254,2
C2707260,2
C0050451,13
C0772110,13
C0427008,5
C2923536,1
C3814772,4
C0015397,1
C0019994,19
C1521761,13
C2827422,13
C1510665,19
C0741008,1
C1549954,9
C0019046,43
C0077404,3
C1420827,3
C1277291,1
C0049272,7
C0439453,18
C0694756,7
C0730345,18
C0033687,5
C1962972,4
C4554346,4
C1549031,4
C1519101,3
C0033252,1
C0007450,14
C0325090,14
C0524517,14
C1443200,14
C3665481,14
C4050461,14
C4284282,14
C1551338,3
C2826544,31
C4554251,3
C0451119,1
C1970187,1
C2827881,4
C0017631,1
C1709058,1
C4544813,1
C0439858,6
C1554184,12
C0012252,2
C0304520,4
C0205103,19
C1550465,8
C2827755,8
C3889971,8
C3815322,1
C0019010,2
C4281788,2
C0023128,16
C0731033,13
C1881413,13
C0392877,1
C0073992,6
C1096489,7
C2267235,7
C0229089,4
C0439164,4
C1512019,4
C3273373,4
C3665488,4
C0483204,32
C0226037,3
C2981360,7
C0442804,6
C4321397,6
C0683970,7
C0009678,5
C0232180,10
C0542331,10
C1442858,10
C1744681,5
C0380162,1
C1334533,1
C0337672,13
C0425293,8
C4554605,13
C1962523,7
C0428466,3
C1881056,1
C0009324,4
C3899393,12
C0005525,3
C0001948,31
C0452428,19
C2983287,1
C2983669,1
C0026606,8
C0003277,1
C0000854,1
C2347023,1
C2347080,1
C2698776,1
C2825050,1
C2945742,1
C0302353,14
C0543465,11
C0206232,4
C1561488,4
C0679225,1
C3898777,2
C4084912,2
C0446516,12
C3715044,12
C4553528,12
C0428462,1
C0008952,2
C3538928,9
C1510992,13
C0806909,21
C1552615,18
C2826546,18
C2825518,13
C1415800,8
C1516691,4
C4321457,1
C0037623,35
C1415692,35
C1708288,35
C4318478,35
C0806915,3
C1516251,3
C0263428,1
C0439474,1
C3640652,1
C0136123,2
C0205314,25
C0450140,2
C3494202,5
C0019029,4
C1314664,2
C1318517,1
C0438154,4
C0243032,9
C0009450,4
C0017431,8
C0600091,4
C1441613,4
C0264886,5
C0489451,5
C0596620,3
C0017853,20
C4553833,3
C0034896,3
C0227391,1
C0006675,10
C0006726,10
C2936886,10
C3540037,10
C3714611,10
C0242295,2
C1947943,2
C2348609,2
C1511538,4
C0432633,18
C1552027,1
C1861172,3
C0026655,3
C1705291,3
C0001641,6
C3274776,2
C1363984,1
C1706001,1
C0022378,1
C0630906,21
C0023522,1
C1539265,1
C3539688,1
C3539689,1
C0027496,9
C3844738,9
C0429153,1
C0010377,2
C0631180,3
C3539598,2
C0766326,3
C0013922,8
C1704212,8
C1425688,4
C1521941,6
C2709207,4
C0332271,14
C1279889,3
C1457868,17
C0243192,6
C0077910,2
C0205453,1
C4321491,3
C0149931,7
C4522078,3
C0007272,5
C0162859,5
C0871707,2
C0205202,3
C3897349,1
C0001924,6
C1120626,1
C0019904,1
C0036078,7
C0439417,3
C2170357,7
C4084934,7
C0070939,23
C4284304,22
C0232804,22
C0427728,2
C0699870,2
C1313904,2
C0753208,3
C1709991,3
C3813610,3
C3890900,3
C3891546,3
C0027978,12
C0324547,8
C0205321,3
C1322815,12
C0027362,15
C2348001,13
C2987125,9
C0032181,1
C1287267,1
C0039240,1
C1963244,1
C3815188,1
C0205271,2
C0041582,10
C3887532,5
C0205403,1
C0333076,1
C4085555,1
C0681686,2
C1883254,5
C0205452,2
C2315323,2
C2347896,1
C0205234,8
C0848753,1
C0686905,2
C0389252,1
C0475208,2
C0439340,14
C1880521,8
C2945590,8
C3641830,1
C0005821,6
C1627892,3
C0055729,1
C0522776,4
C1706388,6
C2346469,6
C2348519,6
C0168273,9
C0205448,18
C0006685,4
C0205272,6
C0009830,2
C1947907,2
C0030163,7
C0810633,6
C1546728,6
C3275122,6
C3853703,6
C3830527,2
C0162577,8
C1548817,8
C0001701,2
C0079809,16
C1879489,11
C1419115,2
C0276828,1
C3814448,2
C0439093,3
C0205163,25
C1707957,1
C2698624,1
C0019425,1
C0241888,3
C0205108,5
C0677535,3
C0042402,9
C3537240,6
C3714445,2
C0031001,1
C4281794,1
C1292728,10
C0439167,9
C0441655,11
C1561536,8
C3668946,8
C4049938,8
C4049939,8
C1948374,2
C2935023,2
C0085201,9
C1677784,9
C1551421,1
C1708601,12
C0242751,2
C0012265,19
C0013220,1
C0020963,1
C0220929,1
C0231197,1
C1704410,1
C0003695,1
C0000545,1
C0439632,1
C2316832,4
C2699193,1
C1882932,3
C0017086,1
C0020885,9
C0205098,2
C0348026,1
C4522154,4
C0006041,6
C2986891,4
C0635222,4
C1122087,8
C1705493,6
C0680727,1
C0225990,2
C0232201,2
C0152171,3
C0340543,2
C0637939,2
C1150929,2
C1879987,2
C0392761,2
C0016504,7
C4277740,3
C0347981,6
C2346504,2
C2348613,2
C2348704,2
C0065880,2
C0718674,2
C0001613,2
C0007776,2
C0022655,2
C0023823,8
C2744579,12
C4552600,8
C1552866,19
C2700399,19
C1436327,2
C2986463,2
C3884535,2
C4521369,2
C1444656,16
C0036143,1
C0327953,1
C1316572,2
C1317574,3
C0332294,7
C0205107,6
C0017189,3
C4489236,6
C0456525,1
C0291665,1
C0497247,1
C0023089,1
C0458142,1
C1023865,1
C1706315,1
C0042903,3
C4054229,10
C3272317,2
C1335447,1
C0003241,7
C0007674,6
C0037713,12
C0562350,1
C0687673,3
C3272900,1
C0040704,8
C0205343,8
C0042027,7
C0369901,1
C0428627,1
C1524119,7
C3640764,2
C0521093,1
C0750484,1
C0729627,10
C1535899,11
C0439458,9
C0205276,5
C0013516,6
C0340288,7
C0443252,12
C0017168,2
C4553201,2
C0022661,26
C2316810,21
C0585941,6
C0022023,2
C1700702,2
C0376297,2
C1261322,12
C4084924,2
C2826267,2
C0679646,61
C0439342,11
C1710706,1
C1565830,14
C3538926,27
C0520863,2
C1424906,1
C3274775,2
C0239998,3
C0439394,21
C1706495,21
C3642217,21
C1515010,1
C0006560,22
C1413716,22
C1321500,1
C0398147,1
C2612459,2
C0449791,3
C0444956,18
C2242682,1
C0450168,1
C0588207,1
C0009932,4
C1708760,8
C0745732,4
C3272378,4
C0456712,2
C0232813,1
C0699829,1
C1704514,5
C0003281,3
C2917212,3
C2919015,3
C3537050,3
C0478157,2
C0586003,3
C0376409,3
C0033204,7
C0332148,5
C0683469,2
C0162388,1
C0681205,1
C1550555,1
C0018017,9
C1571704,9
C4076075,3
C0413234,1
C0380964,2
C0584960,2
C1414509,2
C3542419,2
C0240094,1
C4554549,1
C4696258,1
C0332149,5
C1705910,5
C2362652,6
C0456389,9
C0301532,4
C0600080,1
C3898876,14
C0005841,6
C0281867,3
C2963157,4
C0677547,5
C0036154,1
C4553627,1
C2362049,6
C0031268,2
C1170730,2
C0335343,2
C0682323,6
C4505301,1
C0439596,1
C1511572,1
C0037011,1
C0009002,5
C1824728,5
C0444930,19
C2746065,20
C0205139,3
C0333482,22
C1299392,7
C0028978,1
C0205463,2
C0449774,2
C0541746,5
C0027441,1
C1280500,10
C1518681,17
C2348382,9
C0006949,4
C0006950,2
C0682993,2
C2827774,3
C0022660,1
C0330978,1
C3642211,2
C0456680,9
C0560588,2
C0750509,5
C2742797,3
C1881928,4
C2144990,4
C0439227,18
C0521095,4
C3533163,5
C0439095,2
C4543207,7
C2003941,2
C2350010,2
C0035078,26
C1258199,2
C0042397,1
C1710475,9
C0332158,4
C0002422,8
C3846685,8
C0337611,4
C1705415,4
C3812666,4
C0562508,5
C0553704,1
C4553529,1
C0015260,3
C3494508,3
C0024552,1
C0027960,7
C0324740,7
C0439189,7
C1456781,7
C1824986,7
C3665593,7
C0237400,4
C0812246,1
C1710304,4
C0041580,8
C4688581,2
C1290886,1
C1555577,4
C1706079,4
C0007430,7
C0393022,4
C0026565,35
C0026566,33
C0436359,5
C0011265,1
C0497327,1
C0019682,3
C0019699,2
C0040549,3
C0205263,12
C4522020,2
C0366550,7
C1881833,2
C0242339,16
C1546960,11
C0035253,12
C2700280,8
C1622890,11
C0000618,6
C0036576,6
C0679637,2
C0042381,2
C3714645,2
C1303013,7
C2828255,14
C0021186,1
C0229960,2
C0018670,1
C1706305,1
C0486616,1
C1555710,1
C2937358,3
C1299007,3
C2756986,2
C3539108,2
C0003188,3
C4277735,1
C0325983,3
C0205245,21
C2700217,20
C3890184,3
C4282437,3
C4321455,3
C0333186,2
C1563745,1
C1513492,7
C3714552,1
C1705994,7
C1882136,2
C1180255,6
C0542339,10
C0022742,4
C0442037,3
C0022745,3
C1963703,3
C1552829,2
C0243077,21
C0227387,1
C0014457,1
C1416602,1
C3539661,1
C0022341,8
C3536725,2
C4082977,2
C2584321,3
C0026473,1
C0815275,3
C0077973,1
C0444917,3
C0681884,1
C1519021,3
C1706465,1
C0166128,7
C2974540,4
C0029355,1
C2934193,9
C1444775,2
C1539835,2
C3890003,4
C0032285,11
C0015644,1
C0231530,1
C0026266,4
C0038348,2
C1447574,3
C4521365,3
C0033105,9
C0220900,9
C0012833,1
C0042571,1
C1963093,1
C4084788,1
C4085547,1
C4085548,1
C4085549,1
C4553830,1
C0220912,4
C0220913,4
C0311392,4
C0459914,1
C0033306,1
C0202041,11
C3534430,11
C1882115,4
C1959907,3
C1167159,1
C1419366,1
C2733342,2
C0337664,27
C0865850,1
C0040537,1
C0036493,1
C2950135,1
C0018792,4
C0439534,2
C4699572,1
C0560738,1
C0681906,11
C2700446,11
C0027551,1
C1882041,1
C0007137,1
C1302853,1
C4055211,1
C2348557,2
C0205197,12
C1554962,5
C0012802,10
C3536861,7
C0150369,3
C1283169,3
C0852149,1
C1511226,1
C1856054,1
C2826243,1
C4597943,1
C0025078,1
C2024216,1
C0220819,2
C1709561,1
C1706907,13
C0017181,6
C0205370,2
C2114427,1
C0857127,8
C1698058,3
C0009429,6
C0556895,6
C0022773,2
C0449560,5
C1609982,2
C1457869,1
C1518040,1
C0017968,7
C4697913,3
C0849867,1
C0449652,2
C0085590,1
C0589360,4
C1549735,2
C0152021,1
C0024443,6
C3887485,5
C1561549,7
C0429025,2
C2349943,22
C3539704,22
C3713294,22
C0488377,2
C0556969,2
C0366686,3
C0230097,4
C0037395,3
C1706778,7
C0032615,9
C0064636,2
C0524166,2
C0205289,3
C4049713,3
C0680174,7
C1514727,1
C0034678,4
C1518424,25
C0014963,1
C4055434,12
C1334932,1
C1515119,5
C0332529,1
C1547017,1
C1098510,8
C0595836,1
C2986561,1
C0022277,3
C0424575,4
C4018875,4
C0003862,3
C4551938,1
C2986835,7
C0047420,2
C1419337,1
C3539667,1
C0003242,1
C1167408,1
C3665580,1
C0272774,1
C0441837,4
C0332197,7
C4285062,6
C0042036,9
C0042037,9
C2963137,9
C4274438,4
C3827656,1
C0050393,2
C1565750,11
C1519795,17
C3853603,17
C0442004,3
C0332447,1
C1704258,2
C3890602,3
C0558293,3
C2353951,10
C0750194,2
C2919575,2
C0042514,1
C0344428,1
C1963247,1
C4554446,1
C0232197,5
C0522523,5
C0012091,12
C1705010,3
C3811116,3
C0221690,3
C2607943,4
C2926606,4
C3539655,4
C0185098,5
C0006416,6
C0006098,1
C1880019,2
C4303340,2
C0018799,15
C0020473,19
C0428465,19
C4555212,19
C1334103,4
C2607914,4
C4552864,4
C0205269,3
C0024264,1
C0020898,12
C4018897,1
C2826245,4
C3266262,2
C1955473,6
C3539125,6
C1253936,2
C0013604,11
C0038999,9
C1963136,2
C4554335,2
C0013687,2
C2317432,2
C0585890,2
C0012253,3
C0023820,10
C0003594,4
C0810516,2
C0076829,6
C0301380,5
C0455488,4
C1999230,3
C0304533,1
C1320290,1
C1516050,16
C0547070,1
C1261381,1
C1546953,5
C2826244,5
C3537125,5
C0239059,8
C0700219,8
C0003811,6
C2024776,1
C0151526,11
C0086282,1
C0205252,11
C4018905,11
C0232805,1
C0011389,1
C0241148,1
C0332461,1
C0333463,1
C4316797,1
C3529352,6
C2357172,1
C2919686,20
C0043318,5
C3541955,3
C4684449,2
C2697844,2
C1998004,17
C0087086,7
C0220787,2
C0349707,2
C0700198,2
C2712334,2
C2827071,2
C0302148,4
C3146237,4
C0024819,1
C1716536,1
C3172566,1
C0024841,2
C0555047,2
C0302600,1
C1519670,1
C2603362,35
C0580836,12
C1958126,7
C2348867,7
C0030198,4
C0007591,2
C0456533,5
C4553188,10
C0002940,2
C0012359,2
C0700124,2
C1322279,2
C0079102,1
C0151945,1
C0795687,1
C0858277,2
C0009667,19
C0684010,17
C2603358,17
C1968515,6
C2825051,6
C2828395,6
C1508496,5
C3891069,8
C0961485,2
C1306889,2
C0537551,1
C0489786,26
C0439204,1
C1282017,1
C0018938,2
C1262869,3
C0585290,2
C3496112,3
C3496399,3
C0966225,6
C0026183,4
C0595998,1
C4520849,1
C4551704,2
C1536221,3
C1536222,3
C0014758,4
C0149531,4
C0011298,17
C0694651,2
C0397581,1
C0392347,3
C3264599,1
C0948945,1
C0086706,3
C0354100,8
C3536704,3
C0058928,4
C1655045,4
C0376405,2
C0457432,3
C2711563,1
C0205214,7
C1522138,8
C3245511,7
C0029400,1
C2266929,2
C1140621,3
C1882440,1
C1412243,1
C0497406,9
C0013216,11
C0013217,10
C1286104,1
C0142831,4
C2348308,4
C1519255,10
C2697934,7
C0016410,7
C3541266,7
C1286326,1
C1424886,1
C0181496,1
C2827499,1
C4522130,1
C4551445,1
C3273588,1
C4319659,1
C1553893,2
C0429886,6
C0021461,1
C1881212,1
C4319647,1
C0031603,1
C0031701,1
C1601799,1
C0428619,1
C1536105,1
C0354566,3
C1719274,1
C0489652,1
C0025859,2
C2348577,1
C0805732,1
C0190211,1
C0015802,1
C0920563,2
C4049919,4
C0221141,1
C0313162,1
C0870811,1
C2960841,1
C0342245,2
C1998417,2
C0150103,1
C1708943,1
C0242372,1
C1425660,1
C0815181,1
C1415351,4
C0009319,4
C1963084,4
C0520870,3
C1513375,1
C3833417,1
C0154251,1
C2986497,11
C0332240,4
C0335390,2
C0518015,2
C1424337,2
C0205322,14
C0332996,14
C0014908,2
C3641947,2
C0227388,2
C1272705,1
C3254570,2
C3164744,2
C0442796,1
C1550602,1
C3869583,2
C0010075,1
C0277814,20
C1283233,10
C1272693,1
C1563164,2
C1548610,11
C4086581,5
C0560268,1
C3887614,2
C0007194,1
C4551472,1
C1522425,1
C1552616,3
C1706244,3
C2945601,1
C0017480,18
C1704791,7
C0003483,2
C0187763,1
C0741847,3
C3274435,1
C0020889,1
C1522508,3
C0439801,3
C2674459,3
C3542948,3
C4050251,3
C0524466,2
C3540014,1
C3714787,6
C0201838,2
C0680532,4
C2346732,4
C3845594,1
C0449864,2
C2986411,14
C1426226,4
C0428474,1
C1527362,1
C0039869,1
C4319827,1
C1610621,2
C0439223,3
C0020944,4
C4048292,4
C0587038,5
C0679624,4
C0162734,5
C0071744,3
C1413772,3
C4281721,7
C0279494,1
C1168098,1
C0332253,1
C0020750,4
C4554818,4
C1273442,3
C0014939,8
C3537250,1
C3541386,1
C3714615,1
C0008325,1
C1963083,1
C4553186,1
C0085611,1
C0746102,1
C0451246,3
C1514983,4
C3887783,3
C0025663,7
C0449851,7
C0871511,5
C1551358,6
C0242000,1
C0520880,1
C0038418,1
C0010380,2
C1271924,1
C0007273,3
C0455512,1
C3854010,2
C0029167,7
C0175795,11
C0007780,1
C0289779,8
C1257987,10
C3537039,8
C0264492,1
C3166216,1
C3202967,1
C0228134,2
C0812144,2
C3245499,9
C2936588,1
C0202236,1
C1519533,1
C0237629,2
C0694535,2
C0392707,12
C1441070,2
C3476798,6
C0036183,2
C3541334,2
C0205365,1
C0080179,20
C0518450,1
C0032743,11
C0699718,11
C0449468,13
C1690016,13
C1705102,12
C2700258,12
C2986513,2
C3242274,1
C3665439,2
C4319936,4
C0597205,1
C0679846,1
C1268766,2
C0149793,1
C0439751,10
C0444667,11
C1519193,1
C0523459,1
C0007294,5
C3888236,1
C1523987,3
C0231170,3
C2938854,1
C1711260,3
C2348152,3
C0302350,7
C4055380,2
C3537218,1
C4289954,9
C0080203,2
C1698480,1
C3853833,1
C0006280,6
C0628062,1
C0521533,3
C1536220,14
C0159658,1
C1512899,1
C0260877,1
C0460002,1
C0086528,27
C1550015,1
C1609614,1
C4085625,1
C4318470,1
C0018790,1
C4553105,1
C1264633,3
C1554103,2
C0007613,2
C0275518,1
C0036983,1
C1723401,2
C0282380,8
C3281223,4
C0001737,11
C0026068,4
C2183115,1
C1272745,1
C0179504,1
C0732279,2
C1522196,1
C0588446,4
C4684572,11
C1439367,17
C0075691,1
C1419891,8
C0043444,2
C0012164,2
C0489829,2
C1705501,2
C1567075,2
C3540479,2
C3476791,1
C3258203,1
C1096021,6
C0587240,2
C0221191,1
C1705272,14
C0205254,1
C0441987,3
C0205384,2
C1253959,2
C1881507,2
C2700383,2
C2826234,2
C0861151,4
C4683688,3
C0183521,2
C0332128,2
C1717255,6
C0188605,2
C3854019,8
C3669213,4
C1517741,12
C0256103,2
C0205170,6
C0034869,3
C3853788,3
C1282910,10
C1552828,6
C0221874,1
C3279454,4
C0014544,7
C1882085,7
C0155502,9
C0449618,6
C1261316,2
C0332239,2
C2826346,1
C0003440,2
C3541936,1
C4067893,1
C4554557,1
C4035880,1
C3538872,6
C0349782,3
C0018795,2
C0684271,3
C1328504,1
C1418251,1
C0008120,3
C0152035,3
C0444669,7
C1167518,7
C1706352,7
C1882467,7
C3274653,7
C0003232,6
C0003237,2
C3540704,2
C3540705,2
C3540706,2
C3540707,2
C3540708,2
C3540709,2
C3540710,2
C0599878,7
C0043227,4
C0036375,1
C0017718,4
C2584297,10
C4050224,10
C1303175,2
C3825392,1
C0009368,13
C3888384,12
C0024501,6
C0184511,1
C0332272,3
C1561611,1
C4084203,1
C0332575,1
C0022827,1
C1260956,1
C4049926,1
C0175692,2
C0795841,2
C1416527,2
C4048299,3
C4048587,3
C0340293,3
C0069751,1
C0750532,1
C1704272,6
C1522541,3
C1960955,2
C1704729,3
C0553618,3
C0018619,1
C1836672,1
C0239849,1
C1412082,1
C1412316,1
C1431594,1
C4552857,1
C0017720,2
C0008454,3
C0876712,2
C0038720,2
C0474702,2
C0475337,2
C3536965,2
C0184047,1
C1336677,1
C1566918,1
C1706005,4
C1710330,1
C3887583,1
C3642208,1
C0040808,8
C2945654,8
C1552601,12
C1533017,6
C1533018,6
C1533020,7
C1533021,7
C1151635,4
C0377265,2
C3693636,2
C0079946,3
C1550512,3
C0085619,3
C0287990,1
C1552930,1
C4048252,1
C0015980,2
C0549409,1
C0854379,1
C1275571,6
C0443334,2
C0007158,2
C0330390,5
C0439096,5
C2004068,5
C1552658,3
C1552723,3
C2911690,3
C2827896,1
C0018229,6
C1423073,6
C1427674,6
C0280109,1
C0453991,1
C0199176,5
C1706420,6
C2700409,5
C0012544,2
C3541401,1
C0013221,1
C1829939,5
C3887511,5
C0002911,1
C0332256,2
C2700400,3
C0002454,8
C0596070,12
C0428279,2
C0288171,2
C0872291,2
C2359859,1
C0460097,8
C0525032,3
C1704538,3
C0557775,1
C1511780,1
C2700462,3
C2945744,3
C0682082,1
C0753802,1
C0455536,3
C0677946,2
C3538874,2
C0018824,4
C0031117,1
C0042485,1
C0020162,1
C1548802,10
C4699623,1
C0050559,1
C0439393,4
C1527415,7
C1319171,1
C0004604,4
C1963071,4
C4553945,4
C1519789,1
C0560021,1
C0036669,1
C0005382,8
C0360396,3
C3540012,3
C0242821,10
C0460148,10
C1268086,10
C4082212,10
C0577559,5
C0577573,5
C1096155,5
C1306372,5
C3152252,5
C3539882,5
C4283905,5
C0362046,10
C1113695,2
C0014361,2
C0442050,1
C3476546,1
C0457801,2
C0442504,2
C1533810,2
C1704765,2
C1882509,2
C0751955,2
C0011923,4
C0079595,4
C3821165,2
C0001899,3
C0057041,3
C1415274,3
C3887708,3
C0004002,3
C0021390,2
C0001962,10
C0001975,10
C3890035,4
C4283819,4
C3539618,1
C0185115,1
C0684295,1
C0007389,2
C1145760,1
C0152036,1
C1512211,5
C0205352,1
C0020980,4
C0694634,4
C1947960,4
C3160733,1
C0073187,18
C4484261,18
C1305215,1
C1527305,1
C2826293,2
C1516705,2
C0376690,6
C0004906,1
C1422585,1
C1538710,1
C0023821,15
C2945843,2
C1547546,1
C0009402,2
C0346629,2
C1527249,2
C2984278,2
C3542412,2
C0521144,1
C1522706,1
C2349188,1
C3714939,1
C0542495,3
C0024138,1
C3542918,1
C0751956,2
C0445542,1
C1561567,2
C0443324,1
C1548559,1
C0018510,6
C0677607,6
C0679830,8
C0205976,2
C2674784,2
C3714807,2
C2604745,5
C0946444,2
C2986823,4
C0201975,12
C3539604,10
C3711669,10
C4084730,10
C4553336,10
C4553337,10
C0392752,1
C1511487,1
C0042014,6
C4304091,1
C1278454,4
C0205363,10
C0034394,4
C0151539,1
C0439834,1
C0000921,3
C0085639,7
C0242698,2
C1414063,2
C2826331,2
C0020649,7
C0011884,3
C0011008,2
C2348077,2
C0871754,2
C0069676,1
C1420369,1
C1505427,1
C4084879,1
C0580586,2
C0159849,1
C3242229,1
C0242444,2
C3666909,3
C0452249,2
C0522467,2
C1337213,2
C1576800,2
C0231242,2
C0682295,1
C2733073,1
C1096054,1
C0023676,4
C0037189,1
C0202054,4
C1698215,2
C0950624,3
C1638318,2
C1335798,3
C1366582,3
C4036059,1
C0030266,5
C4049155,5
C1856453,1
C0441887,4
C2698969,4
C0441886,5
C2698968,5
C0017209,2
C1292284,2
C1421532,2
C0023190,6
C0042487,1
C1320928,1
C1549439,1
C2347958,1
C3835651,1
C2939419,1
C0009906,1
C0029151,1
C1277690,3
C0062248,1
C0242415,3
C0033228,3
C0042029,4
C0262655,1
C4554638,1
C0040227,4
C0206209,3
C2349982,4
C0242687,1
C1964029,1
C3476649,1
C4012475,1
C4037954,1
C0072027,1
C0743195,2
C0683092,2
C4087029,3
C0234234,7
C0039082,5
C0018826,1
C0687080,1
C1704625,1
C0117899,1
C0002905,1
C3669314,1
C0679699,5
C0860510,3
C3532606,1
C0054201,9
C2746078,8
C0178587,9
C2827895,1
C0444506,15
C0234621,1
C0673013,1
C3810521,1
C4281714,1
C3848561,2
C1707429,3
C1512612,1
C0011854,2
C4282132,2
C0233481,1
C1554109,5
C0014432,4
C0919438,2
C4521603,2
C0030677,1
C2936882,7
C4542544,7
C0439548,1
C1456025,1
C0743330,1
C0159877,1
C4552974,1
C0282204,4
C0238611,8
C1515945,4
C1456820,1
C1522669,1
C0020823,4
C0003873,5
C0162370,1
C0028101,1
C0919442,1
C1705347,1
C4553907,1
C1413309,1
C3813543,1
C0456616,4
C0523558,1
C1547282,8
C1335071,5
C1442905,5
C0080356,1
C0742906,4
C0457591,2
C0475264,7
C1744691,7
C0241361,1
C2960025,1
C3870509,3
C1521863,4
C3495919,4
C0332147,2
C0750491,2
C0893761,1
C0850707,2
C0332137,2
C0801658,2
C0003011,1
C1549663,1
C2983689,1
C4048188,1
C0007193,1
C2984282,1
C0679823,1
C2733224,1
C1879745,2
C0354922,3
C1883728,2
C0205353,1
C0556216,1
C0065374,25
C0064673,5
C0023434,2
C1301921,1
C1859695,2
C4055223,2
C1570167,1
C3853311,1
C0011135,2
C0444567,1
C4284038,15
C0033382,5
C0523852,5
C2987124,7
C0751495,5
C0149775,5
C4084902,3
C0376358,1
C0600139,1
C2984325,1
C3541264,1
C0008320,1
C0451528,7
C0281858,1
C3176928,4
C2757004,3
C0037303,1
C2951888,1
C0015455,1
C0667477,9
C0699794,9
C3533054,1
C0021610,1
C0802663,1
C0027950,1
C2697847,3
C0029376,1
C0029429,1
C0729346,1
C0017066,1
C1880198,1
C2987624,2
C2347660,2
C1882154,2
C3842462,3
C1532633,1
C2608091,1
C1638407,3
C3161471,7
C0203634,1
C0312860,1
C3890923,1
C4554402,19
C0040671,1
C1705822,1
C4319192,1
C0694649,6
C0023759,3
C0010200,6
C1961131,6
C3274924,6
C4084725,6
C4084726,6
C4084727,6
C0004916,3
C0454530,1
C0564461,1
C1881534,6
C3890579,5
C1333690,3
C1704947,3
C1706536,2
C2975867,3
C4084801,2
C0240859,3
C0439090,5
C1423767,5
C2697858,5
C1546471,5
C2825142,5
C0376247,5
C1556094,5
C0007928,42
C1413373,25
C0332268,1
C0034283,17
C4552032,17
C0048838,1
C0025885,4
C0008864,1
C0523573,1
C1427027,1
C4553421,1
C3538867,2
C3814791,2
C0003537,1
C0149566,1
C0666480,2
C1425349,2
C4284230,2
C0678386,4
C2632076,4
C0699027,3
C0245109,1
C0175718,1
C1168556,1
C1704584,1
C3887876,4
C1418845,18
C0286540,1
C4085238,1
C0010622,1
C0332298,1
C2239193,1
C3541314,2
C1417750,1
C0003857,2
C0279476,2
C0205093,1
C0035826,2
C0039260,1
C1165245,2
C0523560,3
C0205154,2
C2697523,2
C0239110,3
C2004580,3
C3665546,3
C3669039,3
C4084853,3
C4553014,3
C4281745,1
C0282279,2
C1257882,1
C1442792,6
C3148680,3
C0063034,1
C1414372,1
C1708389,1
C0001128,1
C0202406,1
C1556095,1
C0004950,1
C0680443,2
C0728475,1
C0206293,1
C0206298,1
C1332656,1
C1528298,1
C3541260,1
C3890396,1
C4048238,1
C4321307,1
C4553371,1
C1854107,1
C0004348,1
C0024171,5
C0024176,5
C2697939,5
C1075468,3
C1021495,1
C1413296,2
C0028075,4
C2348274,4
C3869926,4
C3869927,4
C3871128,6
C1552840,3
C1552846,3
C0302113,3
C0021201,2
C2700456,2
C0521329,1
C0001143,1
C1549040,1
C1167125,1
C0445456,1
C0036243,3
C0038702,2
C1539696,2
C1825840,2
C3539736,2
C4521691,2
C1306057,3
C1917247,1
C0032356,1
C0856742,2
C0038944,3
C1112705,3
C1705982,3
C1311076,1
C1364142,1
C1423784,2
C0242994,3
C0441781,4
C0560012,1
C3811619,1
C3890014,1
C3890556,1
C1444748,1
C0040188,1
C0278076,1
C2169806,1
C3889970,1
C0017642,3
C0077906,2
C1412376,2
C0032729,1
C0013754,1
C0205944,1
C1449704,1
C3540783,1
C1260875,3
C0027497,2
C1963179,2
C2984057,2
C3829611,2
C4084796,2
C4085222,2
C4085661,2
C4085862,2
C4255480,2
C4552888,2
C4552889,2
C4553767,2
C2347310,3
C1421391,1
C1428265,1
C4321338,1
C0449217,1
C2930619,3
C3275277,3
C4300252,1
C3814444,7
C0019552,20
C0022122,19
C1505163,19
C3538851,19
C4284725,19
C1518543,2
C0182537,3
C0008115,3
C0022771,1
C0972395,1
C2611803,1
C3537205,1
C3546309,1
C3476815,4
C1420705,2
C3273314,2
C0598697,7
C1172566,1
C0037473,3
C3541959,3
C3714642,3
C0853073,1
C1704892,1
C0006137,1
C1524069,5
C0032854,5
C0542537,5
C2700379,5
C4082285,2
C0023376,9
C0230426,9
C3887647,13
C4521399,9
C1417239,1
C2986643,1
C0024779,1
C1706473,1
C4050322,1
C0312443,3
C1412879,3
C0425311,1
C4553228,5
C4553229,5
C0034634,1
C3539760,1
C3815186,1
C1416931,1
C1418569,1
C1568520,1
C0334121,4
C1704614,4
C4318736,4
C0206158,2
C0019930,2
C0006376,1
C0082608,3
C0694666,5
C4553350,5
C1331418,2
C0441888,3
C2698970,3
C2827929,2
C0439391,2
C0023826,1
C0238767,1
C0205092,1
C0037052,1
C0723181,1
C0451184,1
C1149049,1
C1418244,2
C0037199,1
C4553555,1
C0039103,1
C1553378,3
C1418224,1
C2827597,1
C0027365,4
C1547383,4
C4522128,4
C1416933,4
C2986618,4
C4554443,4
C0279752,4
C1420811,1
C1883402,1
C0870433,3
C4085546,3
C0001688,3
C0879626,3
C1570906,9
C0623362,3
C0919336,3
C0021368,2
C0333348,2
C0010182,16
C0271160,16
C3540510,16
C4085345,16
C0043476,6
C0619865,1
C0523559,1
C0123167,1
C0857121,4
C3163620,6
C0443343,5
C1883468,5
C0149699,1
C0040185,1
C0439194,6
C0595726,2
C2757015,1
C3542962,1
C3537183,1
C4521995,1
C0205332,2
C0033684,3
C0020336,4
C0391900,1
C0450199,1
C0683921,2
C0227665,4
C0020621,3
C4553966,3
C0205454,2
C0439219,2
C3161851,2
C0279686,2
C1417507,2
C3272839,2
C0018932,2
C0267596,2
C0429964,1
C0429986,1
C0851827,1
C1701901,1
C3244310,1
C4321395,1
C0521942,11
C0815017,6
C3536793,4
C0752347,1
C3890365,1
C0205318,4
C3491162,9
C0449297,2
C1382187,2
C2825073,2
C4554548,2
C0439660,1
C4553760,14
C1101838,1
C0024027,2
C1548168,2
C4489276,2
C1882087,2
C0560042,2
C0729538,2
C1098320,5
C4534349,3
C3536833,1
C0449462,3
C0946289,1
C3653316,1
C0101856,1
C0007481,1
C0175754,2
C0282160,2
C3541413,2
C0441767,2
C0441771,2
C0019905,3
C1832110,3
C3889614,3
C0439576,2
C0439566,2
C1384478,2
C3540020,2
C3536754,4
C4521480,4
C1579268,4
C1373021,1
C0072980,4
C0541315,2
C1459585,1
C3273112,7
C0243087,2
C1408353,3
C1548788,3
C3537135,3
C3542467,3
C0151576,2
C0024853,8
C0025552,2
C4079805,14
C3539026,5
C0596838,1
C1140618,3
C0178316,1
C3811127,4
C3890902,1
C0239309,1
C0025353,1
C0311277,2
C0016860,2
C0076840,1
C0556338,7
C0087130,3
C4085655,3
C4321267,3
C3541957,2
C0205094,10
C0678975,5
C0455471,2
C0168370,1
C0011570,5
C0011581,5
C0460137,5
C4049644,5
C4084909,5
C4085311,5
C4553827,5
C0444868,11
C3539085,11
C3812213,2
C0231179,1
C1963154,4
C1708130,10
C3539617,10
C4050121,10
C0203057,2
C0002808,3
C0700276,3
C1384516,3
C0425583,2
C1563149,1
C1708627,1
C0077401,4
C3275121,1
C0581375,1
C0425358,1
C2700615,1
C0425359,1
C0039247,4
C0040302,2
C1553045,2
C1704756,2
C1709500,4
C0025424,8
C0428257,8
C2347108,8
C2347109,8
C2348272,8
C1548596,1
C4274392,2
C0523452,2
C0154723,1
C0338480,1
C0085762,1
C4050601,1
C0559473,1
C0424909,1
C0034266,1
C1175541,1
C1257874,1
C1705623,1
C0332453,2
C1512900,2
C0015895,1
C0020174,1
C0373595,3
C0007859,2
C1963180,2
C4553909,2
C0234253,2
C0030054,2
C4534306,1
C1424945,14
C3811058,14
C2364010,1
C0205095,6
C0005775,2
C1516559,2
C0240016,5
C2887821,2
C0682132,2
C0443602,1
C0374505,10
C1412208,2
C1549728,2
C3539727,2
C2827798,1
C0038642,13
C1705534,13
C0021149,15
C0220856,15
C1418892,1
C1744699,2
C2697845,3
C0435632,1
C0019557,4
C4552776,3
C0001246,2
C0003354,2
C1412573,2
C2000891,2
C3539770,2
C0439259,3
C0441635,6
C0233492,1
C0341703,1
C0442874,2
C3813124,1
C3890196,1
C4520798,1
C0002461,1
C0279755,1
C2825862,1
C1100660,2
C0165249,2
C1414185,2
C3811813,2
C0013123,1
C2825512,1
C0231472,5
C1532634,2
C0232555,1
C1427155,1
C4318615,1
C0231832,2
C0439386,2
C0489258,2
C0206065,2
C1424976,1
C0215955,1
C1416806,1
C2346625,1
C0521164,1
C1260969,1
C1882954,1
C3853263,1
C3853264,1
C1299432,1
C3537187,5
C4317165,5
C1452561,7
C4554543,7
C0428621,6
C1536121,1
C1512698,5
C0150905,3
C0150904,2
C1290384,3
C0043011,1
C0878544,5
C1420459,3
C0205393,11
C1420401,2
C0451214,2
C0235480,4
C1420068,2
C0004739,5
C0332297,5
C4684719,1
C0722969,1
C2673162,1
C0028908,2
C0032085,2
C1517288,2
C3541397,2
C0683518,1
C0205039,2
C1442216,2
C0005126,10
C2344255,10
C4050145,10
C4684837,2
C1516695,4
C1516698,4
C4684790,9
C1425988,15
C1304659,1
C0016667,1
C0268281,1
C1418854,1
C1414819,1
C0027608,3
C0028219,3
C3538705,4
C1019118,32
C1998280,33
C2827405,32
C3811063,32
C0205617,1
C0450094,1
C0475271,1
C0687697,1
C3889290,1
C4050000,1
C4283820,1
C4283821,1
C4283822,1
C0037088,1
C0243095,1
C2825141,1
C0013893,12
C1548635,13
C0439241,7
C2347285,2
C0439583,1
C0018827,1
C1522565,1
C0332849,14
C0439300,1
C1719797,16
C2911648,16
C0011198,9
C3541240,9
C2707520,2
C1880022,1
C0040028,3
C0332288,4
C0036595,1
C0237881,11
C0750502,11
C1546944,11
C0332490,2
C0205120,12
C1552595,12
C0441074,12
C1317554,7
C1292769,1
C1705314,3
C1705315,3
C2825907,7
C1144709,5
C0027976,5
C0004083,7
C0596306,7
C0699792,7
C2709270,3
C3537020,3
C1709908,4
C0521091,1
C0596672,1
C1514873,3
C0332306,1
C4522046,2
C0376558,2
C0043237,1
C1281911,1
C0332126,7
C1449832,7
C3889152,9
C4050156,7
C4283901,7
C0814287,1
C1883525,1
C2346866,1
C3827682,1
C0237913,1
C0947630,5
C0041061,1
C0750492,1
C0026845,1
C4083049,1
C1442452,1
C3844320,2
C3242203,1
C0805162,1
C0344329,1
C0392748,1
C1710181,2
C0062152,3
C1708438,1
C0445247,4
C0243132,2
C1554210,2
C2745955,3
C2698741,4
C4554048,4
C0566415,1
C1299582,1
C4048706,1
C4321405,1
C4086639,3
C1882348,2
C1441547,2
C0010234,1
C3245521,2
C1171304,2
C1518469,1
C1546180,1
C0202069,1
C1549782,1
C1874451,1
C0205450,2
C1883712,7
C0231290,2
C0332282,2
C0084844,3
C1538994,3
C1442160,2
C0687760,1
C1704759,1
C1707156,1
C3274014,1
C3541345,1
C3889135,1
C0368910,1
C1261552,6
C1704379,6
C1705117,8
C2825408,6
C3814463,6
C0023694,2
C1328010,2
C1292300,1
C2003902,1
C3812891,1
C4524803,1
C0013384,4
C1882911,1
C0221102,1
C0504085,1
C2699704,1
C0233324,3
C1515273,3
C1705313,3
C2826302,3
C0042789,12
C1947903,11
C2825232,1
C0039224,8
C1706074,8
C0750591,2
C0683962,1
C1531217,1
C0232108,2
C4288391,1
C0150108,1
C0204932,2
C0034036,2
C0034037,2
C1704324,2
C1637390,1
C0439378,3
C0221430,2
C0302142,2
C1514811,6
C1706462,8
C0013443,2
C0521421,2
C0007806,2
C0007807,1
C0076172,1
C1550452,5
C3539107,5
C3888054,5
C1422793,1
C1622657,9
C4553214,9
C1225105,1
C1551538,1
C1417190,4
C3815103,4
C1552852,3
C0225759,1
C0011318,4
C0006901,1
C0935624,1
C3668815,4
C0556972,1
C1635169,5
C0439457,5
C0543483,1
C0699748,1
C0038449,1
C2985844,4
C0871420,15
C0238884,3
C0037455,2
C1707719,2
C0035171,1
C2983265,1
C2986888,1
C1709305,2
C0868928,6
C1533148,4
C1709637,2
C0012113,1
C2347664,2
C0220905,1
C1704735,1
C1140263,2
C0333052,1
C2607870,1
C1547401,1
C0038013,1
C0545743,4
C0718146,2
C0229090,3
C0230028,3
C0393706,3
C1561953,3
C0006196,1
C0015491,1
C1420851,2
C0004684,1
C0004952,1
C1412800,1
C2986890,1
C4284594,1
C4321407,1
C0008294,32
C0376586,3
C4050619,6
C0022283,2
C0373680,1
C1551432,1
C1551969,1
C2348066,31
C1552154,2
C0208736,1
C0346421,1
C0439237,1
C1413336,1
C2827809,1
C0376674,6
C2827799,1
C0033362,2
C3813208,2
C3840385,1
C0003504,2
C4551710,2
C0220853,3
C0014695,5
C0042866,5
C2936842,5
C3537249,5
C3714503,5
C1046794,3
C3146236,3
C1998602,4
C4553624,4
C0205848,2
C0034640,1
C4689466,1
C0475219,1
C1511559,5
C1836348,5
C1720725,3
C0240951,2
C0038952,2
C0036453,1
C0220921,2
C0150158,1
C0680782,1
C0039711,1
C0023981,1
C1736144,1
C0679698,1
C3889123,1
C0591720,2
C1096775,1
C0489835,1
C1545588,1
C0033522,1
C1709709,1
C0309872,1
C0870136,1
C0085565,1
C0681804,1
C2919552,1
C0012171,1
C0420180,1
C0086153,2
C0002458,1
C1185738,2
C1706132,2
C0277793,3
C1261512,3
C1304680,3
C0582148,6
C3888239,1
C3555502,1
C0024548,1
C0012751,3
C0556966,1
C1318464,4
C1418208,4
C1705587,4
C0442734,2
C1704243,2
C3540486,1
C4553190,1
C0043193,3
C1520135,3
C2924612,2
C1315719,1
C1549796,2
C1549980,2
C1869620,6
C0021459,1
C0085166,1
C1511278,1
C0016993,5
C4042342,1
C0000723,10
C4553328,1
C0009226,1
C4288115,4
C0541154,2
C0008287,1
C0061323,9
C0040372,1
C0872972,1
C0795660,1
C0066535,1
C0027061,6
C1522564,6
C0439836,3
C0552449,6
C0871968,1
C1319894,4
C0443150,2
C0014122,1
C0022067,2
C1881173,1
C4554371,1
C1705850,1
C0302595,1
C1537110,1
C3275241,1
C3898174,1
C0679831,4
C0444099,4
C0033572,1
C1123023,4
C4520765,4
C0679138,1
C1554077,1
C0475209,3
C1706378,1
C0180459,1
C0013850,1
C0021888,1
C0920367,1
C1547561,1
C4281784,1
C1556138,1
C1705370,1
C2348299,1
C0162864,1
C1280412,3
C1256463,1
C4684800,1
C0017970,3
C1154181,1
C0023139,2
C1704928,2
C3890208,2
C1689985,1
C3179139,3
C0439546,3
C0680968,3
C4554601,1
C0189695,3
C3640258,1
C1444755,1
C0027964,3
C0028407,3
C0067895,3
C0265987,3
C2917659,1
C2699757,8
C0441472,2
C3266814,2
C2347179,1
C1706449,1
C1704532,1
C4050548,1
C4329797,1
C1546542,1
C0556971,2
C3653470,1
C2986480,7
C1510802,3
C0270221,2
C0262754,2
C0205653,1
C0001675,5
C0205179,3
C0439392,4
C1509845,7
C1704753,7
C1880519,7
C0887457,2
C3898767,2
C0861063,1
C0205543,2
C0344720,1
C0387288,1
C0014442,4
C4521602,4
C0205148,1
C0205674,1
C0680043,3
C0002037,2
C0051080,2
C0152305,2
C3888235,2
C0276477,3
C1428349,3
C1553165,3
C0232326,3
C0861352,2
C1428884,2
C3714709,2
C0024141,5
C0065033,1
C1625754,1
C1629609,1
C2916832,3
C0001782,3
C0441858,1
C0458261,4
C3273608,4
C0855329,2
C1704489,1
C2931783,1
C3175530,4
C1412122,1
C1424250,2
C2698414,2
C0347129,3
C0001861,5
C3536832,5
C4055482,2
C0178987,2
C0458827,2
C2607479,2
C0102118,10
C2584946,1
C3903827,1
C3179549,6
C0293359,4
C0687670,2
C1333208,2
C1412384,2
C3538735,2
C0026327,7
C0026405,7
C4285072,7
C2975435,27
C1836785,1
C0002085,1
C0020517,7
C0851444,2
C0002144,5
C3535925,2
C0597153,2
C1655741,2
C0002335,3
C0439097,3
C3146239,3
C3540585,3
C3815527,3
C0683443,2
C0870128,1
C0439841,3
C1691222,1
C0442711,3
C1522729,3
C3715209,3
C4282383,3
C0935542,1
C0886378,1
C2825094,1
C0019829,2
C2247545,2
C0598284,1
C0002771,3
C0220784,2
C0814908,3
C3844638,4
C0155626,4
C0002994,5
C1152555,2
C2756995,2
C0243076,2
C2757003,1
C1149183,1
C0544683,1
C0235439,1
C0349790,5
C2349195,1
C3536746,1
C0857322,1
C1624602,1
C0741099,3
C0019590,3
C1321567,1
C0428536,2
C1145667,3
C1167622,3
C1149306,1
C0003289,1
C3536844,1
C4552582,1
C0003438,1
C4521254,1
C0333276,1
C1514468,8
C1704444,6
C0456388,1
C0199960,4
C1879316,4
C1547007,1
C0729333,2
C0429029,3
C0333051,1
C2347509,1
C0522055,2
C1518478,2
C0425043,2
C0003506,1
C1260873,1
C4553103,1
C0002680,3
C3887950,3
C0006938,2
C4050020,2
C0725813,1
C0162791,1
C0220845,1
C0282423,1
C0023732,3
C0332516,3
C1704640,1
C1706515,1
C4050026,1
C4319583,1
C4553629,1
C2825575,1
C2946465,1
C1441672,8
C0680230,6
C3245503,4
C0086858,2
C4068104,2
C1999270,6
C1706450,3
C0428471,1
C0428473,1
C0035096,3
C2984247,3
C3541930,1
C0017977,1
C1521827,3
C3812761,3
C0003595,3
C0523511,2
C1412481,2
C0560175,3
C1325398,3
C1706209,3
C3273162,3
C1817569,2
C1826411,2
C4476700,1
C1415284,3
C0086162,3
C1081457,3
C2348395,3
C2825313,3
C4522144,3
C0035317,1
C1302690,1
C4319729,3
C0702102,1
C1521726,2
C4552913,3
C4552914,3
C0030168,1
C0018817,1
C1093020,1
C0018684,2
C0332514,1
C0238694,2
C4699158,4
C0238715,4
C4553726,4
C1268740,2
C0162513,1
C3711796,2
C1708726,1
C0541791,1
C3539705,6
C0237455,2
C0449822,1
C0376209,1
C2945673,1
C4048755,2
C0595948,1
C0206031,3
C0259749,1
C1098706,1
C1568204,1
C1708407,1
C0070338,1
C0597421,1
C0016529,3
C1306036,2
C0424093,1
C0549186,3
C4277733,1
C0079816,1
C1551807,1
C1553316,1
C0023767,1
C0004626,1
C0175673,1
C1522634,9
C0002055,1
C0178499,1
C1880279,1
C1413059,4
C4684571,1
C0846600,1
C4521843,2
C0038111,1
C3811240,1
C3641946,1
C0332169,5
C0231918,2
C0948092,1
C0232306,11
C0682547,4
C0004486,2
C0230613,2
C0117996,2
C1283174,1
C1555524,1
C4321547,1
C1300561,2
C1416822,6
C0024015,1
C0332120,3
C0574785,10
C0215825,2
C0135567,1
C0016065,1
C1839454,1
C2827389,1
C3889643,1
C1425219,3
C0036785,2
C0728876,2
C0529793,2
C0241136,1
C1963195,1
C0037981,4
C1522166,1
C0023175,1
C0181586,1
C1442948,1
C2348269,1
C3275067,1
C0241886,1
C1740819,6
C1845118,6
C0338248,3
C2347880,3
C4521565,3
C4520547,1
C3831448,1
C3659310,1
C0053091,1
C0717481,2
C0005064,1
C3536850,1
C4048284,1
C1299575,1
C1440044,1
C3845933,1
C0205474,3
C0005532,1
C0005544,1
C2718322,1
C0022558,2
C0337824,1
C0005682,1
C4319531,1
C3713826,1
C3267174,2
C0005437,3
C2699156,5
C2704328,1
C0439493,4
C1513009,3
C3476086,1
C0441847,2
C0340279,2
C0150936,2
C0947487,2
C0391871,1
C0439180,1
C0680255,1
C1283071,1
C1963578,1
C2827110,3
C3540639,3
C4281819,3
C0449829,4
C2699638,7
C0520510,1
C0152060,4
C0700320,4
C1522472,4
C1552923,4
C1705191,4
C3714523,4
C0053932,1
C0279266,1
C4281808,1
C0441722,1
C0443221,1
C2984917,1
C0439605,5
C4054689,1
C1425210,2
C0005890,1
C0487985,1
C0005911,1
C1262477,1
C1705565,1
C1947976,1
C0005938,1
C0177804,1
C1879894,3
C1511253,2
C1874596,2
C0085999,1
C3887654,1
C0267465,1
C1417861,1
C2987294,1
C0332283,2
C1719822,2
C4281991,2
C0679845,1
C0008041,2
C0005001,5
C0018759,5
C1626828,1
C4281686,1
C0039512,1
C1418830,1
C3540627,1
C3815109,1
C1276807,5
C0340427,8
C1413520,8
C3539652,8
C0006384,1
C1879286,1
C4050444,2
C0076836,2
C1199517,2
C1419603,2
C3539732,2
C0443058,1
C0005507,1
C0243073,1
C1510438,1
C0150375,2
C0679841,2
C1552738,1
C1273937,1
C0870261,1
C0006644,1
C0236734,1
C0948365,2
C3532939,3
C0006668,2
C0770558,1
C1704385,1
C2825090,1
C4520796,1
C0201925,1
C0428302,1
C1704458,1
C0920424,1
C0006882,1
C1560249,2
C0442818,1
C1279986,3
C0036980,2
C4055270,2
C1113685,1
C0043122,1
C0206155,1
C1331005,1
C1871983,3
C0007281,1
C0014099,1
C0054836,2
C0086543,1
C4555209,1
C0007412,1
C4534362,1
C0008318,3
C3538933,3
C3810851,5
C0032923,2
C1421224,2
C1710133,9
C3653511,1
C0221227,1
C0917798,1
C2828393,4
C4050514,4
C4526016,1
C0042109,6
C0443228,2
C0221232,1
C2349186,5
C4048158,6
C4553125,5
C0035298,2
C0030664,1
C0205469,1
C0677042,1
C4546361,2
C0849759,1
C0039225,2
C1705223,2
C4319774,2
C0235710,1
C0039985,2
C1552646,2
C0308648,1
C0008269,1
C0114873,3
C0008425,2
C3536756,2
C4521309,2
C1290380,1
C0403447,2
C0149516,2
C0028429,1
C4520890,1
C0008731,2
C1325761,2
C1517526,1
C0683454,3
C0033325,1
C3854082,1
C0457166,3
C1880098,3
C0017658,1
C1947930,1
C0008972,1
C0451074,1
C1517104,1
C0087113,1
C2347784,1
C2985073,1
C1555715,4
C1704332,4
C0205341,1
C0450989,1
C0009262,2
C0009274,1
C0541155,1
C0557806,4
C0449286,2
C0542560,2
C2348088,2
C0682187,1
C0009378,1
C1548837,1
C0453882,1
C3539181,1
C3539182,1
C3539954,1
C3539955,1
C3539956,1
C3539957,1
C3539959,1
C3539960,1
C3539961,1
C3539962,1
C3539963,1
C3539964,1
C3539965,1
C3539966,1
C3539967,1
C3539968,1
C3539969,1
C3539970,1
C3539971,1
C3539972,1
C3539973,1
C3539974,1
C3539975,1
C3539976,1
C3539977,1
C3539978,1
C3539979,1
C3540026,1
C3540027,1
C3540028,1
C3540030,1
C3540031,1
C3540719,1
C3540720,1
C3540721,1
C3540722,1
C3540723,1
C3540724,1
C3540740,1
C3854036,1
C0754659,4
C0039297,3
C0024776,2
C1412759,2
C1506978,3
C1705538,3
C3272501,3
C4553364,3
C1292730,1
C0206277,1
C2353893,9
C0033972,3
C0221423,2
C0725685,3
C3853530,5
C4283785,5
C0249529,12
C4551823,1
C0009326,1
C0035435,1
C1948052,1
C0679006,1
C1947967,1
C1882460,1
C1707433,1
C1299003,1
C4521296,1
C0919420,1
C1367721,1
C1705448,1
C2699424,1
C3850077,1
C2347852,1
C0032950,1
C0679827,1
C0700148,1
C2826600,1
C0024944,1
C0009806,1
C1963087,1
C3641755,1
C4084722,1
C4084723,1
C4084724,1
C3495801,2
C4553145,2
C0009938,1
C0009967,1
C0030840,2
C0032463,2
C0598352,7
C2986530,3
C0026514,3
C2930980,3
C4321250,1
C1511545,1
C0010347,1
C0175721,1
C1883710,1
C3810601,1
C1532632,2
C0439420,3
C0019588,1
C1177210,3
C2347872,3
C1553379,1
C0040329,2
C0086707,2
C0740009,2
C4505217,2
C0043314,2
C1527240,2
C1418793,2
C2634343,2
C0010692,1
C0600041,1
C1963088,1
C0560573,1
C0337799,1
C0206655,1
C2681631,1
C0549207,6
C0026269,1
C0264766,1
C3863761,2
C0457451,2
C0278329,1
C0439465,3
C0206461,1
C0007447,1
C0042508,2
C1828170,5
C0162429,1
C2987487,1
C1516606,1
C0522520,1
C1522231,1
C0009235,1
C0565965,2
C0871881,3
C0002780,2
C1720943,1
C1154908,2
C1552041,1
C2986536,1
C2080700,1
C1533716,3
C2984916,1
C2949735,1
C1555436,1
C0442603,4
C0680730,2
C0019191,5
C3272597,5
C3281105,5
C0011860,6
C0458216,3
C2983285,3
C0253563,4
C3830544,1
C4684639,1
C0011292,1
C0439794,2
C0011331,1
C0221928,1
C1522447,1
C0011603,1
C0029976,1
C0455713,1
C0442726,1
C0220825,4
C1578706,1
C3273930,1
C1511790,2
C0868945,1
C0012727,4
C0205419,6
C1705236,4
C0180860,1
C2348248,5
C1286336,1
C2986698,1
C4068481,1
C0596429,1
C0376660,1
C0022804,1
C1337080,1
C1532717,1
C1881335,1
C0489458,2
C0231971,1
C0007018,1
C4520712,1
C0932510,1
C0439851,2
C1947931,2
C0449738,1
C0743223,2
C1705555,2
C0152915,1
C0588203,1
C0948575,2
C0342257,1
C0012411,1
C4296144,1
C0013023,1
C0178601,1
C3536925,1
C2826232,2
C0439463,1
C4684647,1
C0544791,6
C1880641,3
C1366394,1
C3712803,1
C3887684,1
C3660996,1
C0024440,1
C0271051,1
C2346509,1
C0034693,1
C0034721,1
C2826870,1
C0043240,6
C0205249,3
C1547660,1
C0031847,2
C0030847,3
C3641331,10
C0277785,2
C3887504,2
C3887505,2
C0332183,8
C3714753,10
C3813325,10
C3846405,3
C1836407,1
C0205547,1
C0015631,1
C0001741,2
C0013595,1
C4553957,1
C0162359,1
C1539327,1
C3539920,1
C3887494,1
C0807955,5
C0814843,2
C0439402,1
C1300574,1
C1416870,1
C1447747,1
C1823249,1
C3811107,1
C3811848,1
C3815598,1
C0870602,2
C0206058,2
C0439608,1
C0747973,1
C0013798,7
C1547122,5
C0180600,1
C1114722,3
C1519133,1
C1705293,1
C1116089,3
C0330531,2
C2980688,2
C2699863,1
C0442418,1
C3147679,1
C0556581,8
C1999244,7
C3888055,7
C2986904,8
C0165921,3
C1170256,1
C3260017,1
C0450025,1
C1881447,1
C0014549,1
C0494475,1
C1720052,1
C0014591,1
C4554627,1
C0080078,2
C0425245,2
C0449580,2
C4318935,2
C3810541,7
C0242350,1
C1961100,1
C0014733,1
C3489393,3
C0456685,1
C0014912,3
C0242297,2
C0026192,2
C0282540,1
C1561448,1
C0587117,2
C0332290,3
C0729552,1
C0546884,3
C0018896,2
C0337679,1
C0205229,2
C1517586,1
C0949266,1
C2585119,1
C1707968,2
C4054077,1
C1538326,1
C3541325,1
C3891451,1
C0674390,1
C1333964,6
C1707618,6
C0013014,2
C1707664,2
C2348314,2
C3540849,2
C1276112,1
C3272505,3
C2911689,3
C0260526,2
C0455406,1
C0260520,1
C1313980,1
C0015620,4
C0123677,5
C0587119,2
C4033634,2
C0120446,2
C3887515,2
C0583513,2
C0583332,1
C1417154,1
C0309049,8
C0150831,1
C0849668,1
C3839366,1
C2348025,1
C0012358,2
C3541307,1
C4049640,1
C4049767,1
C3830088,1
C0802741,3
C3815113,3
C0016703,3
C0439214,3
C2348814,3
C0016026,9
C0919505,9
C0016059,2
C0439709,2
C1413096,1
C2987048,1
C4284875,1
C4084955,1
C0439568,3
C0443287,1
C0016229,1
C0729594,1
C2681220,1
C0082607,1
C1622832,1
C0016536,1
C0439433,1
C4554413,1
C1299590,1
C1517378,1
C0016928,1
C0017040,1
C0017160,1
C0017178,2
C0061146,1
C0017337,2
C0043459,1
C0752046,2
C1527094,2
C1861559,1
C3890034,1
C4050175,1
C0700624,1
C0002915,1
C2930406,1
C0017296,1
C0314603,1
C0740330,1
C4545686,1
C2355607,1
C2746079,1
C1415053,1
C0181687,3
C0289884,2
C0125690,2
C0004076,1
C1136206,1
C1320980,2
C2827666,1
C0696092,2
C0024489,3
C0025175,3
C1522544,4
C1704695,4
C1442103,1
C1547049,1
C0718133,1
C0441785,1
C0018099,4
C1412761,1
C3539564,1
C1435727,3
C1704693,3
C2697657,3
C1299393,4
C0079488,3
C0036745,1
C0220911,1
C0455278,1
C0200627,1
C0018563,5
C1552914,5
C0018591,1
C1504479,1
C0018599,1
C1019275,1
C0903898,4
C3843510,2
C0559546,1
C0369241,1
C0020268,1
C0262499,1
C1413512,1
C0242356,1
C0993637,1
C3898895,1
C0858892,1
C0743559,1
C1608199,1
C0814514,1
C3245512,1
C3898900,1
C0018834,5
C0018837,1
C0424641,2
C0850666,2
C2348331,3
C0239945,1
C0023895,2
C0342882,2
C0870649,3
C1549971,2
C1880947,2
C2926615,1
C0400966,2
C1954436,2
C1555018,5
C1954437,2
C1513839,3
C0266427,3
C0968917,3
C1150746,3
C0439822,3
C0043262,2
C1322271,2
C0037949,4
C2752558,4
C4521896,1
C0455544,1
C0021925,1
C1272071,3
C1881055,3
C1883702,2
C1280464,2
C1561668,2
C2919132,2
C0551577,1
C2243117,3
C4075937,1
C0040132,1
C3540038,1
C0549099,3
C0221248,4
C0272285,1
C0332159,1
C1708373,1
C1453952,1
C4085347,1
C0019737,3
C0550853,3
C1415561,3
C2756999,1
C3539119,1
C0019907,1
C2987742,1
C2945695,1
C0178683,1
C0205351,3
C0684320,2
C0684321,2
C1836830,2
C1437978,1
C1705020,1
C0588053,2
C1547183,2
C1417055,1
C0520946,1
C0578998,2
C4013784,1
C0020564,2
C0020625,2
C4553967,2
C0857122,2
C0042890,4
C0022104,1
C0432306,1
C0020740,1
C0058978,1
C0205360,2
C0814469,1
C1547311,2
C0396059,7
C4308663,4
C2825347,3
C0021037,1
C0314619,1
C2247518,1
C0231218,1
C1704254,2
C1704922,2
C3542466,2
C0001551,1
C1527392,1
C1825598,1
C4049986,1
C0338656,1
C0009240,2
C0543488,3
C4050130,2
C1264674,2
C1444641,3
C0083765,3
C3848524,3
C0442809,1
C0016457,1
C0021167,1
C1849142,2
C1273410,1
C0021246,1
C4049995,1
C0439663,1
C3714514,3
C0851341,1
C0340305,1
C3542426,1
C0021400,1
C0021403,1
C0521114,1
C0021446,1
C4552744,2
C1548602,1
C0013072,3
C1272883,1
C0151735,2
C4551923,1
C0304509,1
C0231180,1
C0041400,1
C1532464,1
C2700314,1
C3811255,1
C0199782,2
C1708521,2
C0004446,2
C1421951,2
C1720722,2
C4553942,2
C0745343,2
C0457592,4
C3537244,2
C1158478,1
C1705422,1
C1511484,1
C1320357,1
C0040018,1
C3815179,1
C4684691,2
C0007276,1
C0745355,1
C1301820,1
C3274035,1
C0243001,1
C0442111,1
C0151699,5
C0752138,1
C4554169,3
C1980011,1
C0021943,2
C0021945,2
C1705687,2
C2349984,2
C0578862,2
C0337174,3
C1698986,3
C1753314,3
C0042034,5
C4067975,3
C0441723,1
C1706307,1
C2700617,1
C1960867,2
C0037284,1
C0810300,1
C0004927,3
C2707008,1
C0165330,1
C0033774,6
C2240043,6
C4050142,6
C1422257,6
C1971835,1
C4085887,1
C3489764,1
C0425687,3
C0270853,1
C0455483,2
C2697846,1
C1366480,1
C1416656,1
C1704887,1
C0234833,1
C0722388,1
C0043197,1
C1881342,1
C0333559,1
C0050940,2
C0162522,1
C0053122,1
C0279232,1
C0205087,1
C1423759,2
C0353697,2
C0030567,3
C0681889,1
C3273355,2
C1521736,2
C3658298,1
C1171408,1
C1704429,5
C1710677,2
C2349954,3
C2825032,2
C3812880,2
C4049634,2
C0451148,2
C3898614,1
C0524469,1
C1277187,1
C1963159,1
C4553199,1
C2729544,1
C0023401,5
C0428209,5
C0436345,2
C0599395,1
C0023530,2
C0750394,1
C0023545,1
C0205349,1
C1514623,1
C1516451,1
C3542952,1
C0487652,1
C1318460,1
C0021965,1
C1364508,1
C1429427,1
C3272921,1
C0023570,1
C0246904,1
C0023617,1
C3495095,1
C0677505,2
C0002689,1
C0023733,1
C2346679,1
C1997894,5
C2242969,5
C1416867,1
C0443264,1
C4284280,1
C1555441,2
C1548795,1
C1634625,1
C2982691,1
C2973895,3
C1517927,1
C0340489,1
C0023977,1
C0439591,2
C1416897,1
C1416899,1
C2986770,1
C0745777,1
C3815882,1
C0521170,1
C0012854,2
C0311474,2
C3897137,1
C0855389,1
C0633231,4
C1533072,3
C4050009,3
C1141951,4
C1419788,5
C3274822,5
C3669212,4
C4283900,4
C0745788,1
C1879547,1
C0005778,1
C1328723,1
C3539666,1
C4049711,1
C1428862,1
C1300557,1
C2611142,1
C1337105,3
C1420817,3
C4521367,3
C4521846,3
C0024090,3
C0876973,1
C4552950,1
C0024121,1
C0205282,1
C0302131,2
C0336969,2
C0812388,2
C0749225,1
C0009219,3
C0805701,3
C3889831,3
C0497156,1
C4282165,1
C0003250,1
C0041696,3
C1269683,3
C0429103,6
C0520888,8
C0441840,2
C3829202,2
C4255469,2
C3481639,2
C0042812,2
C1096774,2
C0183370,1
C2360551,2
C0013903,1
C0429711,1
C1414479,1
C1554963,1
C3840684,1
C0457987,1
C0724655,1
C1414370,1
C2348481,1
C0027424,1
C4554631,1
C2827883,1
C1264637,3
C1718138,6
C3854605,1
C4687744,1
C0443315,2
C2986589,3
C4054557,1
C0524670,1
C0034746,1
C0522486,1
C1709854,1
C1369882,2
C1609576,1
C3537178,1
C1579432,1
C0083381,1
C0025242,1
C0278060,2
C0127615,2
C0311400,1
C1524026,1
C2707259,1
C0025519,1
C0025520,1
C0028707,1
C0392209,1
C0518896,1
C1442959,1
C0036525,1
C1522484,1
C4085632,1
C1635037,2
C0746573,1
C0066447,1
C0240339,1
C1309950,1
C1423498,1
C4049617,1
C0024968,1
C0038904,1
C0026265,1
C4553832,1
C4049715,1
C4081855,2
C1550235,2
C1706500,2
C3489532,2
C0342276,1
C2917290,1
C3653412,1
C0457086,4
C0200760,1
C0750554,2
C0242428,1
C4049977,1
C4084799,1
C0149745,1
C1335594,1
C1367476,1
C1706255,2
C1706256,2
C1039355,1
C0026724,4
C3714835,1
C0883242,1
C0027342,3
C1432728,3
C3538766,3
C0449719,4
C0870935,1
C1423800,1
C4283878,1
C0027396,1
C0222001,4
C0246689,1
C0068475,1
C0027540,3
C1334928,1
C4684590,3
C1516635,1
C0814225,1
C0150775,1
C1513822,1
C1705739,1
C1882071,1
C0002903,1
C0002912,1
C0002930,1
C4049933,1
C0029227,1
C4041080,1
C0027947,1
C0853697,1
C0741281,1
C0746890,3
C0750546,1
C0240526,6
C0132512,1
C2930789,2
C1513817,1
C0750489,1
C0205396,1
C1550043,1
C0205379,1
C0205429,2
C0332325,4
C1514892,4
C1550464,4
C2827757,4
C1948062,1
C0068000,1
C0578870,6
C3896585,2
C0028734,1
C1970122,1
C0445097,1
C2986416,1
C0586793,1
C0542269,1
C3537181,1
C0264757,1
C0517067,1
C0543436,1
C0038012,4
C0439597,1
C0331873,1
C0036273,1
C0855390,1
C4229017,2
C2712133,1
C1276356,1
C0853522,1
C4296962,2
C1535947,1
C1549081,1
C1692758,1
C2712185,1
C2712122,1
C1709269,2
C4085681,1
C0326287,3
C1518425,3
C1883425,1
C1549542,1
C4316743,1
C0020258,1
C0027442,1
C0449813,6
C1549755,2
C0445085,1
C0278962,2
C0029118,1
C0029434,1
C3641332,1
C0005005,2
C0034700,2
C1706574,2
C4551963,2
C0028753,4
C0331496,4
C0939905,4
C3539067,4
C3897364,4
C0302523,1
C0700325,1
C1964257,1
C3889687,1
C1412791,1
C2347392,1
C1314677,1
C3828732,1
C0556656,2
C0268353,1
C1861455,1
C0386393,2
C0038976,1
C0043309,1
C1962945,1
C0029040,1
C0041740,1
C0677612,1
C0029087,1
C0205481,1
C1518601,1
C1550456,1
C0026538,2
C0220880,2
C0244404,2
C1290952,1
C0001637,1
C0747055,1
C0205313,1
C2347409,1
C2363731,1
C4554669,1
C0069590,1
C1963718,1
C1504308,1
C1742862,1
C0232823,1
C0538161,1
C1308614,1
C0205216,1
C0442797,1
C1859330,1
C0008946,1
C0430022,1
C1546908,1
C0872338,1
C0935587,1
C0027646,1
C0086749,1
C0085415,1
C0029939,1
C0227898,1
C0030375,1
C0063017,1
C4319755,1
C0086027,4
C1319166,2
C0016694,1
C0030738,1
C0069964,1
C1262903,1
C3257529,1
C0030086,1
C0233660,1
C0332206,1
C3898062,1
C1539794,2
C0441849,3
C1959644,2
C1518835,1
C2348792,2
C4086240,1
C1176308,4
C0401806,1
C0681848,1
C0026272,2
C3897657,1
C0030274,1
C0681933,1
C0030554,1
C4553220,1
C4050122,1
C1956415,2
C3887537,1
C0425309,1
C0332119,1
C2945691,1
C4698447,1
C0449437,1
C0442696,1
C0585034,1
C0021083,1
C3242339,1
C1140609,2
C0030673,1
C0741926,2
C2986511,1
C0011880,1
C1859860,1
C0870668,1
C0278138,1
C4522280,1
C0278140,1
C4521229,1
C0406322,1
C1277626,1
C0683521,1
C0420176,1
C3541352,1
C1415801,1
C3819255,1
C0032520,1
C3853643,1
C4050242,1
C4687747,1
C0574002,1
C2937276,1
C0522501,1
C1706089,1
C4050469,1
C0030915,1
C0523817,1
C0264956,2
C3272907,2
C3671888,1
C0541653,1
C1273169,1
C0151313,1
C4554142,1
C0205326,1
C0523816,2
C1412792,1
C3810522,1
C4522133,1
C0031350,1
C4553308,1
C0031412,1
C0031678,1
C0066495,1
C1149880,1
C4522024,1
C0031765,2
C0678812,2
C0080331,5
C4283795,3
C4321241,3
C4321242,3
C0456681,2
C0122626,1
C0429863,1
C3537219,1
C3539772,1
C0031990,1
C0683952,1
C0441844,1
C1608841,6
C1099881,1
C0858034,2
C0032105,4
C0010286,2
C1550098,4
C4521445,4
C0032177,2
C0443116,1
C1963076,1
C3829994,1
C4264468,1
C0030125,1
C1820373,1
C2828386,1
C3854028,1
C4321248,1
C4522126,1
C0006539,2
C0205232,1
C0687757,1
C0252873,1
C0885378,1
C1417807,1
C4552608,1
C0032385,1
C0795585,1
C1320238,1
C0162323,1
C0035450,1
C0337051,2
C1260386,1
C1509144,2
C1303103,1
C0032646,1
C3806166,1
C3272301,1
C0231957,2
C0304490,1
C3536751,1
C1532568,1
C0279759,1
C0042752,1
C0279766,1
C1418864,1
C3538934,1
C3889640,1
C4048189,1
C4082178,1
C4082184,1
C4085573,1
C2827900,1
C0700474,1
C1708033,2
C0439565,8
C3812758,8
C3272300,1
C0683956,1
C0032961,1
C0337954,1
C0749659,2
C1412533,2
C4521376,2
C0003191,2
C0003405,1
C0042839,1
C0087161,1
C2825076,1
C3714656,1
C0220928,3
C3841753,1
C0005527,1
C1161310,1
C4687737,1
C0231175,2
C0332155,5
C4300468,1
C0237529,1
C1704725,1
C1704726,1
C1549995,1
C1709665,1
C1515999,1
C2267018,1
C0542380,1
C0085207,1
C0039298,1
C0729829,1
C0935936,1
C0033209,1
C1735364,1
C0033429,1
C0033482,1
C0695274,1
C3540752,1
C0194804,1
C1441416,2
C0560020,1
C1185740,2
C4086720,1
C0458006,1
C3653516,1
C0030899,1
C0034043,1
C0242073,1
C0006888,1
C0456261,3
C0308914,1
C0600130,1
C0488644,1
C2247561,2
C0018989,1
C0445254,1
C0242852,2
C1419141,2
C0015967,1
C4331197,1
C0426359,1
C0487742,1
C1425796,1
C4553152,1
C0004600,3
C0460009,3
C1995000,3
C0027530,2
C0019559,1
C4551516,1
C3159206,2
C2364135,1
C0152054,1
C0439815,1
C0702221,1
C0332284,2
C4019053,2
C4318616,2
C0429091,1
C0449216,1
C4287599,1
C0332301,1
C0017200,1
C0034610,1
C3538818,1
C0681683,1
C0443290,1
C0451405,1
C0015230,1
C0489879,1
C3839460,2
C0033809,1
C0806481,1
C0237096,2
C1527428,1
C0814126,1
C0194073,2
C0086907,1
C1708385,1
C0022209,1
C0152172,5
C4697852,1
C1427255,1
C0035455,1
C0871269,1
C1523018,1
C3828331,1
C0035561,1
C0242707,2
C1556315,2
C0246719,3
C3495424,1
C3496592,1
C2923839,1
C1519104,1
C0332166,1
C0762662,1
C0965618,1
C1260867,1
C1700683,2
C4318637,2
C0814206,1
C1510682,1
C2346870,1
C4050575,1
C0817096,1
C1527391,1
C0439787,1
C0849355,1
C0035190,1
C3889272,1
C0459963,1
C1508661,1
C0010139,1
C0043474,1
C1517317,1
C3814419,1
C4301968,1
C0036037,1
C0242618,4
C0037793,1
C2348149,2
C0406326,1
C1700247,1
C0005558,1
C0220797,1
C0008767,1
C2004491,1
C0014282,1
C4706265,1
C3472502,2
C1308226,1
C4049997,1
C0036588,1
C1551994,1
C3885068,9
C2700104,1
C0332324,3
C1522640,4
C0036667,1
C0312418,1
C0427965,1
C1511883,1
C2346484,1
C2349185,1
C0732611,1
C0074393,1
C0524265,1
C0020337,1
C0486291,1
C0005477,1
C1979842,1
C1707271,1
C0151723,1
C4552839,1
C1709708,1
C0009325,2
C1875696,1
C0077923,1
C0036820,1
C1441420,1
C0856666,1
C0028158,1
C1550581,1
C1291218,2
C3683557,2
C0241028,3
C0018762,1
C0237876,1
C0003316,1
C0439593,1
C0443303,2
C1870115,1
C0265903,1
C0854572,1
C1881710,1
C0580946,1
C3900196,1
C0037313,1
C0700201,1
C2114448,1
C0425291,1
C0037640,2
C0037420,1
C1099677,1
C1826596,1
C0013144,1
C2830004,1
C4553740,1
C3896939,3
C0449416,1
C1705919,1
C4521696,1
C0037723,1
C0238914,1
C0037724,1
C0037747,2
C0205555,2
C1558916,1
C0183441,1
C0429104,1
C0429066,2
C1839341,1
C0441766,1
C0441777,1
C0013274,2
C0226047,2
C4282128,2
C4684780,1
C0231200,1
C2828391,1
C0038215,2
C0600673,2
C0038351,1
C3714551,1
C0080194,1
C0456178,1
C1518614,1
C2987481,1
C1514984,2
C4551881,2
C0678594,1
C3481509,1
C1568011,2
C0021499,1
C0353681,1
C0038541,1
C0232024,1
C2983672,1
C1514228,1
C0459443,1
C0175637,1
C0085298,1
C0011071,1
C1964022,1
C4554103,1
C0205410,1
C1532564,4
C1533073,4
C3653359,1
C0038760,1
C0041942,1
C0243072,1
C0038817,1
C0376223,1
C0374711,4
C0018818,1
C2699744,2
C1425041,1
C1706546,1
C0003086,1
C0003087,1
C3854607,3
C0947343,1
C1315074,1
C0039601,3
C1176316,8
C0404079,1
C0257343,8
C2346819,6
C0559483,1
C0442043,1
C2362314,1
C0070093,2
C3827840,1
C0205372,3
C3653356,1
C1705175,1
C1705176,1
C1705177,1
C1705178,1
C3889825,1
C4284072,1
C0428412,1
C0523912,1
C0589061,1
C0399532,1
C0035452,1
C1547647,1
C0871424,1
C0270724,1
C0040038,1
C1272695,1
C0040128,1
C0040135,1
C4522017,1
C0596706,1
C1522314,1
C1611232,1
C3665478,1
C0556970,1
C1519428,1
C3539997,1
C3815196,1
C1711239,4
C1301931,2
C0547043,3
C3463985,2
C4086680,1
C0429784,1
C4050092,1
C3543842,2
C0033080,2
C1947946,1
C2744535,1
C2948600,1
C3540471,1
C3540472,1
C3890193,1
C0368753,2
C0232100,2
C0878805,1
C1445957,1
C3537453,1
C0086511,1
C2697941,1
C0332574,1
C1514893,3
C1706463,3
C2699488,3
C0108801,1
C0336862,1
C0439830,1
C1547053,1
C1539482,1
C1705610,1
C1872943,1
C3811249,1
C3811250,1
C3814152,1
C0599883,1
C0076891,2
C0002594,1
C0919834,1
C0014792,1
C0370231,1
C1546552,1
C1608383,1
C3178801,1
C0237403,1
C1149372,1
C1705981,1
C3539643,1
C3887980,1
C0012641,1
C1330119,1
C1552578,1
C0392938,1
C1609538,1
C0205275,1
C0749724,1
C1332112,1
C1705840,1
C4087167,1
C0013524,1
C4264484,1
C0259945,1
C3177060,1
C3274412,1
C0559956,4
C0746591,2
C1299987,1
C1420188,2
C4284131,2
C2987720,1
C0205426,1
C1546437,1
C2347854,1
C4085229,1
C4067746,1
C1688635,1
C1548174,1
C1706076,1
C0445356,1
C4553491,1
C1704623,1
C0042071,1
C1706177,1
C1709471,2
C0232492,1
C0877266,1
C0334463,1
C3542434,1
C0042038,1
C0587185,1
C1559188,1
C0589121,1
C0034414,1
C0042164,1
C1963266,1
C0913246,1
C0376691,1
C1709697,1
C2728259,1
C3484370,1
C3273238,1
C4255046,1
C3842522,1
C2241628,1
C0003486,1
C0340629,1
C1518340,1
C0030688,1
C0035139,3
C1555302,3
C4553149,3
C4319951,3
C1963123,3
C0750138,1
C0000924,1
C0255567,1
C0034044,1
C3539761,1
C3539762,1
C1421428,1
C4267693,1
C3641222,1
C1548784,1
C1961136,1
C0003968,1
C2349136,1
C3714687,1
C4522080,1
C3540032,1
C3714649,1
C1552835,1
C0445383,1
C0412669,1
C0439656,1
C3543419,1
C4080009,3
C0043027,1
C0237688,2
C0033489,1
C1704610,2
C0018623,1
C4349366,1
C1532757,1
C1511481,1
C1554192,1
C2923685,1
C1883559,1
C2700323,1
C4050013,1
C1720296,12
C0003868,1
C0257685,3
C0010583,1
C3886073,2
C0939233,1
C2733369,1
C0442739,1
C2346711,1
C0036974,2
C0443304,3
C3816734,3
C0333293,1
C0444972,1
C0444967,1
C0581126,1
C0595265,1
C2917433,1
C0745134,1
C3272298,1
C1428722,1
C4304227,1
C1537007,1
C0003299,1
C3537002,1
C0024902,1
C0699749,1
C0232483,2
C1882919,2
C4317146,2
C3671772,1
C1419079,1
C0334094,2
C0439679,1
